,datatime,^GSPC
0,2010-01-04,1132.989990234375
1,2010-01-05,1136.52001953125
2,2010-01-06,1137.1400146484375
3,2010-01-07,1141.68994140625
4,2010-01-08,1144.97998046875
5,2010-01-11,1146.97998046875
6,2010-01-12,1136.219970703125
7,2010-01-13,1145.6800537109375
8,2010-01-14,1148.4599609375
9,2010-01-15,1136.030029296875
10,2010-01-19,1150.22998046875
11,2010-01-20,1138.0400390625
12,2010-01-21,1116.47998046875
13,2010-01-22,1091.760009765625
14,2010-01-25,1096.780029296875
15,2010-01-26,1092.1700439453125
16,2010-01-27,1097.5
17,2010-01-28,1084.530029296875
18,2010-01-29,1073.8699951171875
19,2010-02-01,1089.18994140625
20,2010-02-02,1103.3199462890625
21,2010-02-03,1097.280029296875
22,2010-02-04,1063.1099853515625
23,2010-02-05,1066.18994140625
24,2010-02-08,1056.739990234375
25,2010-02-09,1070.52001953125
26,2010-02-10,1068.1300048828125
27,2010-02-11,1078.469970703125
28,2010-02-12,1075.510009765625
29,2010-02-16,1094.8699951171875
30,2010-02-17,1099.510009765625
31,2010-02-18,1106.75
32,2010-02-19,1109.1700439453125
33,2010-02-22,1108.010009765625
34,2010-02-23,1094.5999755859375
35,2010-02-24,1105.239990234375
36,2010-02-25,1102.93994140625
37,2010-02-26,1104.489990234375
38,2010-03-01,1115.7099609375
39,2010-03-02,1118.31005859375
40,2010-03-03,1118.7900390625
41,2010-03-04,1122.969970703125
42,2010-03-05,1138.699951171875
43,2010-03-08,1138.5
44,2010-03-09,1140.449951171875
45,2010-03-10,1145.6099853515625
46,2010-03-11,1150.239990234375
47,2010-03-12,1149.989990234375
48,2010-03-15,1150.510009765625
49,2010-03-16,1159.4599609375
50,2010-03-17,1166.2099609375
51,2010-03-18,1165.8299560546875
52,2010-03-19,1159.9000244140625
53,2010-03-22,1165.81005859375
54,2010-03-23,1174.1700439453125
55,2010-03-24,1167.719970703125
56,2010-03-25,1165.72998046875
57,2010-03-26,1166.5899658203125
58,2010-03-29,1173.219970703125
59,2010-03-30,1173.27001953125
60,2010-03-31,1169.4300537109375
61,2010-04-01,1178.0999755859375
62,2010-04-05,1187.43994140625
63,2010-04-06,1189.43994140625
64,2010-04-07,1182.449951171875
65,2010-04-08,1186.43994140625
66,2010-04-09,1194.3699951171875
67,2010-04-12,1196.47998046875
68,2010-04-13,1197.300048828125
69,2010-04-14,1210.6500244140625
70,2010-04-15,1211.6700439453125
71,2010-04-16,1192.1300048828125
72,2010-04-19,1197.52001953125
73,2010-04-20,1207.1700439453125
74,2010-04-21,1205.93994140625
75,2010-04-22,1208.6700439453125
76,2010-04-23,1217.280029296875
77,2010-04-26,1212.050048828125
78,2010-04-27,1183.7099609375
79,2010-04-28,1191.3599853515625
80,2010-04-29,1206.780029296875
81,2010-04-30,1186.68994140625
82,2010-05-03,1202.260009765625
83,2010-05-04,1173.5999755859375
84,2010-05-05,1165.8699951171875
85,2010-05-06,1128.1500244140625
86,2010-05-07,1110.8800048828125
87,2010-05-10,1159.72998046875
88,2010-05-11,1155.7900390625
89,2010-05-12,1171.6700439453125
90,2010-05-13,1157.43994140625
91,2010-05-14,1135.6800537109375
92,2010-05-17,1136.93994140625
93,2010-05-18,1120.800048828125
94,2010-05-19,1115.050048828125
95,2010-05-20,1071.5899658203125
96,2010-05-21,1087.68994140625
97,2010-05-24,1073.6500244140625
98,2010-05-25,1074.030029296875
99,2010-05-26,1067.949951171875
100,2010-05-27,1103.06005859375
101,2010-05-28,1089.4100341796875
102,2010-06-01,1070.7099609375
103,2010-06-02,1098.3800048828125
104,2010-06-03,1102.8299560546875
105,2010-06-04,1064.8800048828125
106,2010-06-07,1050.469970703125
107,2010-06-08,1062.0
108,2010-06-09,1055.68994140625
109,2010-06-10,1086.8399658203125
110,2010-06-11,1091.5999755859375
111,2010-06-14,1089.6300048828125
112,2010-06-15,1115.22998046875
113,2010-06-16,1114.6099853515625
114,2010-06-17,1116.0400390625
115,2010-06-18,1117.510009765625
116,2010-06-21,1113.199951171875
117,2010-06-22,1095.31005859375
118,2010-06-23,1092.0400390625
119,2010-06-24,1073.68994140625
120,2010-06-25,1076.760009765625
121,2010-06-28,1074.5699462890625
122,2010-06-29,1041.239990234375
123,2010-06-30,1030.7099609375
124,2010-07-01,1027.3699951171875
125,2010-07-02,1022.5800170898438
126,2010-07-06,1028.06005859375
127,2010-07-07,1060.27001953125
128,2010-07-08,1070.25
129,2010-07-09,1077.9599609375
130,2010-07-12,1078.75
131,2010-07-13,1095.3399658203125
132,2010-07-14,1095.1700439453125
133,2010-07-15,1096.47998046875
134,2010-07-16,1064.8800048828125
135,2010-07-19,1071.25
136,2010-07-20,1083.47998046875
137,2010-07-21,1069.5899658203125
138,2010-07-22,1093.6700439453125
139,2010-07-23,1102.6600341796875
140,2010-07-26,1115.010009765625
141,2010-07-27,1113.8399658203125
142,2010-07-28,1106.1300048828125
143,2010-07-29,1101.530029296875
144,2010-07-30,1101.5999755859375
145,2010-08-02,1125.8599853515625
146,2010-08-03,1120.4599609375
147,2010-08-04,1127.239990234375
148,2010-08-05,1125.81005859375
149,2010-08-06,1121.6400146484375
150,2010-08-09,1127.7900390625
151,2010-08-10,1121.06005859375
152,2010-08-11,1089.469970703125
153,2010-08-12,1083.6099853515625
154,2010-08-13,1079.25
155,2010-08-16,1079.3800048828125
156,2010-08-17,1092.5400390625
157,2010-08-18,1094.1600341796875
158,2010-08-19,1075.6300048828125
159,2010-08-20,1071.68994140625
160,2010-08-23,1067.3599853515625
161,2010-08-24,1051.8699951171875
162,2010-08-25,1055.3299560546875
163,2010-08-26,1047.219970703125
164,2010-08-27,1064.5899658203125
165,2010-08-30,1048.9200439453125
166,2010-08-31,1049.3299560546875
167,2010-09-01,1080.2900390625
168,2010-09-02,1090.0999755859375
169,2010-09-03,1104.510009765625
170,2010-09-07,1091.8399658203125
171,2010-09-08,1098.8699951171875
172,2010-09-09,1104.1800537109375
173,2010-09-10,1109.550048828125
174,2010-09-13,1121.9000244140625
175,2010-09-14,1121.0999755859375
176,2010-09-15,1125.0699462890625
177,2010-09-16,1124.6600341796875
178,2010-09-17,1125.5899658203125
179,2010-09-20,1142.7099609375
180,2010-09-21,1139.780029296875
181,2010-09-22,1134.280029296875
182,2010-09-23,1124.8299560546875
183,2010-09-24,1148.6700439453125
184,2010-09-27,1142.1600341796875
185,2010-09-28,1147.699951171875
186,2010-09-29,1144.72998046875
187,2010-09-30,1141.199951171875
188,2010-10-01,1146.239990234375
189,2010-10-04,1137.030029296875
190,2010-10-05,1160.75
191,2010-10-06,1159.969970703125
192,2010-10-07,1158.06005859375
193,2010-10-08,1165.1500244140625
194,2010-10-11,1165.3199462890625
195,2010-10-12,1169.77001953125
196,2010-10-13,1178.0999755859375
197,2010-10-14,1173.81005859375
198,2010-10-15,1176.18994140625
199,2010-10-18,1184.7099609375
200,2010-10-19,1165.9000244140625
201,2010-10-20,1178.1700439453125
202,2010-10-21,1180.260009765625
203,2010-10-22,1183.0799560546875
204,2010-10-25,1185.6199951171875
205,2010-10-26,1185.6400146484375
206,2010-10-27,1182.449951171875
207,2010-10-28,1183.780029296875
208,2010-10-29,1183.260009765625
209,2010-11-01,1184.3800048828125
210,2010-11-02,1193.5699462890625
211,2010-11-03,1197.9599609375
212,2010-11-04,1221.06005859375
213,2010-11-05,1225.8499755859375
214,2010-11-08,1223.25
215,2010-11-09,1213.4000244140625
216,2010-11-10,1218.7099609375
217,2010-11-11,1213.5400390625
218,2010-11-12,1199.2099609375
219,2010-11-15,1197.75
220,2010-11-16,1178.3399658203125
221,2010-11-17,1178.5899658203125
222,2010-11-18,1196.68994140625
223,2010-11-19,1199.72998046875
224,2010-11-22,1197.8399658203125
225,2010-11-23,1180.72998046875
226,2010-11-24,1198.3499755859375
227,2010-11-26,1189.4000244140625
228,2010-11-29,1187.760009765625
229,2010-11-30,1180.550048828125
230,2010-12-01,1206.0699462890625
231,2010-12-02,1221.530029296875
232,2010-12-03,1224.7099609375
233,2010-12-06,1223.1199951171875
234,2010-12-07,1223.75
235,2010-12-08,1228.280029296875
236,2010-12-09,1233.0
237,2010-12-10,1240.4000244140625
238,2010-12-13,1240.4599609375
239,2010-12-14,1241.5899658203125
240,2010-12-15,1235.22998046875
241,2010-12-16,1242.8699951171875
242,2010-12-17,1243.9100341796875
243,2010-12-20,1247.0799560546875
244,2010-12-21,1254.5999755859375
245,2010-12-22,1258.8399658203125
246,2010-12-23,1256.77001953125
247,2010-12-27,1257.5400390625
248,2010-12-28,1258.510009765625
249,2010-12-29,1259.780029296875
250,2010-12-30,1257.8800048828125
251,2010-12-31,1257.6400146484375
252,2011-01-03,1271.8699951171875
253,2011-01-04,1270.199951171875
254,2011-01-05,1276.56005859375
255,2011-01-06,1273.8499755859375
256,2011-01-07,1271.5
257,2011-01-10,1269.75
258,2011-01-11,1274.47998046875
259,2011-01-12,1285.9599609375
260,2011-01-13,1283.760009765625
261,2011-01-14,1293.239990234375
262,2011-01-18,1295.02001953125
263,2011-01-19,1281.9200439453125
264,2011-01-20,1280.260009765625
265,2011-01-21,1283.3499755859375
266,2011-01-24,1290.8399658203125
267,2011-01-25,1291.1800537109375
268,2011-01-26,1296.6300048828125
269,2011-01-27,1299.5400390625
270,2011-01-28,1276.3399658203125
271,2011-01-31,1286.1199951171875
272,2011-02-01,1307.5899658203125
273,2011-02-02,1304.030029296875
274,2011-02-03,1307.0999755859375
275,2011-02-04,1310.8699951171875
276,2011-02-07,1319.050048828125
277,2011-02-08,1324.5699462890625
278,2011-02-09,1320.8800048828125
279,2011-02-10,1321.8699951171875
280,2011-02-11,1329.1500244140625
281,2011-02-14,1332.3199462890625
282,2011-02-15,1328.010009765625
283,2011-02-16,1336.3199462890625
284,2011-02-17,1340.4300537109375
285,2011-02-18,1343.010009765625
286,2011-02-22,1315.43994140625
287,2011-02-23,1307.4000244140625
288,2011-02-24,1306.0999755859375
289,2011-02-25,1319.8800048828125
290,2011-02-28,1327.219970703125
291,2011-03-01,1306.3299560546875
292,2011-03-02,1308.43994140625
293,2011-03-03,1330.969970703125
294,2011-03-04,1321.1500244140625
295,2011-03-07,1310.1300048828125
296,2011-03-08,1321.8199462890625
297,2011-03-09,1320.02001953125
298,2011-03-10,1295.1099853515625
299,2011-03-11,1304.280029296875
300,2011-03-14,1296.3900146484375
301,2011-03-15,1281.8699951171875
302,2011-03-16,1256.8800048828125
303,2011-03-17,1273.719970703125
304,2011-03-18,1279.2099609375
305,2011-03-21,1298.3800048828125
306,2011-03-22,1293.77001953125
307,2011-03-23,1297.5400390625
308,2011-03-24,1309.6600341796875
309,2011-03-25,1313.800048828125
310,2011-03-28,1310.18994140625
311,2011-03-29,1319.43994140625
312,2011-03-30,1328.260009765625
313,2011-03-31,1325.8299560546875
314,2011-04-01,1332.4100341796875
315,2011-04-04,1332.8699951171875
316,2011-04-05,1332.6300048828125
317,2011-04-06,1335.5400390625
318,2011-04-07,1333.510009765625
319,2011-04-08,1328.1700439453125
320,2011-04-11,1324.4599609375
321,2011-04-12,1314.1600341796875
322,2011-04-13,1314.4100341796875
323,2011-04-14,1314.52001953125
324,2011-04-15,1319.6800537109375
325,2011-04-18,1305.1400146484375
326,2011-04-19,1312.6199951171875
327,2011-04-20,1330.3599853515625
328,2011-04-21,1337.3800048828125
329,2011-04-25,1335.25
330,2011-04-26,1347.239990234375
331,2011-04-27,1355.6600341796875
332,2011-04-28,1360.47998046875
333,2011-04-29,1363.6099853515625
334,2011-05-02,1361.219970703125
335,2011-05-03,1356.6199951171875
336,2011-05-04,1347.3199462890625
337,2011-05-05,1335.0999755859375
338,2011-05-06,1340.199951171875
339,2011-05-09,1346.2900390625
340,2011-05-10,1357.1600341796875
341,2011-05-11,1342.0799560546875
342,2011-05-12,1348.6500244140625
343,2011-05-13,1337.77001953125
344,2011-05-16,1329.469970703125
345,2011-05-17,1328.97998046875
346,2011-05-18,1340.6800537109375
347,2011-05-19,1343.5999755859375
348,2011-05-20,1333.27001953125
349,2011-05-23,1317.3699951171875
350,2011-05-24,1316.280029296875
351,2011-05-25,1320.469970703125
352,2011-05-26,1325.68994140625
353,2011-05-27,1331.0999755859375
354,2011-05-31,1345.199951171875
355,2011-06-01,1314.550048828125
356,2011-06-02,1312.93994140625
357,2011-06-03,1300.1600341796875
358,2011-06-06,1286.1700439453125
359,2011-06-07,1284.93994140625
360,2011-06-08,1279.56005859375
361,2011-06-09,1289.0
362,2011-06-10,1270.97998046875
363,2011-06-13,1271.8299560546875
364,2011-06-14,1287.8699951171875
365,2011-06-15,1265.4200439453125
366,2011-06-16,1267.6400146484375
367,2011-06-17,1271.5
368,2011-06-20,1278.3599853515625
369,2011-06-21,1295.52001953125
370,2011-06-22,1287.1400146484375
371,2011-06-23,1283.5
372,2011-06-24,1268.449951171875
373,2011-06-27,1280.0999755859375
374,2011-06-28,1296.6700439453125
375,2011-06-29,1307.4100341796875
376,2011-06-30,1320.6400146484375
377,2011-07-01,1339.6700439453125
378,2011-07-05,1337.8800048828125
379,2011-07-06,1339.219970703125
380,2011-07-07,1353.219970703125
381,2011-07-08,1343.800048828125
382,2011-07-11,1319.489990234375
383,2011-07-12,1313.6400146484375
384,2011-07-13,1317.719970703125
385,2011-07-14,1308.8699951171875
386,2011-07-15,1316.1400146484375
387,2011-07-18,1305.43994140625
388,2011-07-19,1326.72998046875
389,2011-07-20,1325.8399658203125
390,2011-07-21,1343.800048828125
391,2011-07-22,1345.02001953125
392,2011-07-25,1337.4300537109375
393,2011-07-26,1331.93994140625
394,2011-07-27,1304.8900146484375
395,2011-07-28,1300.6700439453125
396,2011-07-29,1292.280029296875
397,2011-08-01,1286.93994140625
398,2011-08-02,1254.050048828125
399,2011-08-03,1260.3399658203125
400,2011-08-04,1200.0699462890625
401,2011-08-05,1199.3800048828125
402,2011-08-08,1119.4599609375
403,2011-08-09,1172.530029296875
404,2011-08-10,1120.760009765625
405,2011-08-11,1172.6400146484375
406,2011-08-12,1178.81005859375
407,2011-08-15,1204.489990234375
408,2011-08-16,1192.760009765625
409,2011-08-17,1193.8900146484375
410,2011-08-18,1140.6500244140625
411,2011-08-19,1123.530029296875
412,2011-08-22,1123.8199462890625
413,2011-08-23,1162.3499755859375
414,2011-08-24,1177.5999755859375
415,2011-08-25,1159.27001953125
416,2011-08-26,1176.800048828125
417,2011-08-29,1210.0799560546875
418,2011-08-30,1212.9200439453125
419,2011-08-31,1218.8900146484375
420,2011-09-01,1204.4200439453125
421,2011-09-02,1173.969970703125
422,2011-09-06,1165.239990234375
423,2011-09-07,1198.6199951171875
424,2011-09-08,1185.9000244140625
425,2011-09-09,1154.22998046875
426,2011-09-12,1162.27001953125
427,2011-09-13,1172.8699951171875
428,2011-09-14,1188.6800537109375
429,2011-09-15,1209.1099853515625
430,2011-09-16,1216.010009765625
431,2011-09-19,1204.0899658203125
432,2011-09-20,1202.0899658203125
433,2011-09-21,1166.760009765625
434,2011-09-22,1129.56005859375
435,2011-09-23,1136.4300537109375
436,2011-09-26,1162.949951171875
437,2011-09-27,1175.3800048828125
438,2011-09-28,1151.06005859375
439,2011-09-29,1160.4000244140625
440,2011-09-30,1131.4200439453125
441,2011-10-03,1099.22998046875
442,2011-10-04,1123.949951171875
443,2011-10-05,1144.030029296875
444,2011-10-06,1164.969970703125
445,2011-10-07,1155.4599609375
446,2011-10-10,1194.8900146484375
447,2011-10-11,1195.5400390625
448,2011-10-12,1207.25
449,2011-10-13,1203.6600341796875
450,2011-10-14,1224.5799560546875
451,2011-10-17,1200.8599853515625
452,2011-10-18,1225.3800048828125
453,2011-10-19,1209.8800048828125
454,2011-10-20,1215.3900146484375
455,2011-10-21,1238.25
456,2011-10-24,1254.18994140625
457,2011-10-25,1229.050048828125
458,2011-10-26,1242.0
459,2011-10-27,1284.5899658203125
460,2011-10-28,1285.0899658203125
461,2011-10-31,1253.300048828125
462,2011-11-01,1218.280029296875
463,2011-11-02,1237.9000244140625
464,2011-11-03,1261.1500244140625
465,2011-11-04,1253.22998046875
466,2011-11-07,1261.1199951171875
467,2011-11-08,1275.9200439453125
468,2011-11-09,1229.0999755859375
469,2011-11-10,1239.699951171875
470,2011-11-11,1263.8499755859375
471,2011-11-14,1251.780029296875
472,2011-11-15,1257.81005859375
473,2011-11-16,1236.9100341796875
474,2011-11-17,1216.1300048828125
475,2011-11-18,1215.6500244140625
476,2011-11-21,1192.97998046875
477,2011-11-22,1188.0400390625
478,2011-11-23,1161.7900390625
479,2011-11-25,1158.6700439453125
480,2011-11-28,1192.550048828125
481,2011-11-29,1195.18994140625
482,2011-11-30,1246.9599609375
483,2011-12-01,1244.5799560546875
484,2011-12-02,1244.280029296875
485,2011-12-05,1257.0799560546875
486,2011-12-06,1258.469970703125
487,2011-12-07,1261.010009765625
488,2011-12-08,1234.3499755859375
489,2011-12-09,1255.18994140625
490,2011-12-12,1236.469970703125
491,2011-12-13,1225.72998046875
492,2011-12-14,1211.8199462890625
493,2011-12-15,1215.75
494,2011-12-16,1219.6600341796875
495,2011-12-19,1205.3499755859375
496,2011-12-20,1241.300048828125
497,2011-12-21,1243.719970703125
498,2011-12-22,1254.0
499,2011-12-23,1265.3299560546875
500,2011-12-27,1265.4300537109375
501,2011-12-28,1249.6400146484375
502,2011-12-29,1263.02001953125
503,2011-12-30,1257.5999755859375
504,2012-01-03,1277.06005859375
505,2012-01-04,1277.300048828125
506,2012-01-05,1281.06005859375
507,2012-01-06,1277.81005859375
508,2012-01-09,1280.699951171875
509,2012-01-10,1292.0799560546875
510,2012-01-11,1292.47998046875
511,2012-01-12,1295.5
512,2012-01-13,1289.0899658203125
513,2012-01-17,1293.6700439453125
514,2012-01-18,1308.0400390625
515,2012-01-19,1314.5
516,2012-01-20,1315.3800048828125
517,2012-01-23,1316.0
518,2012-01-24,1314.6500244140625
519,2012-01-25,1326.06005859375
520,2012-01-26,1318.4300537109375
521,2012-01-27,1316.3299560546875
522,2012-01-30,1313.010009765625
523,2012-01-31,1312.4100341796875
524,2012-02-01,1324.0899658203125
525,2012-02-02,1325.5400390625
526,2012-02-03,1344.9000244140625
527,2012-02-06,1344.3299560546875
528,2012-02-07,1347.050048828125
529,2012-02-08,1349.9599609375
530,2012-02-09,1351.949951171875
531,2012-02-10,1342.6400146484375
532,2012-02-13,1351.77001953125
533,2012-02-14,1350.5
534,2012-02-15,1343.22998046875
535,2012-02-16,1358.0400390625
536,2012-02-17,1361.22998046875
537,2012-02-21,1362.2099609375
538,2012-02-22,1357.6600341796875
539,2012-02-23,1363.4599609375
540,2012-02-24,1365.739990234375
541,2012-02-27,1367.5899658203125
542,2012-02-28,1372.1800537109375
543,2012-02-29,1365.6800537109375
544,2012-03-01,1374.0899658203125
545,2012-03-02,1369.6300048828125
546,2012-03-05,1364.3299560546875
547,2012-03-06,1343.3599853515625
548,2012-03-07,1352.6300048828125
549,2012-03-08,1365.9100341796875
550,2012-03-09,1370.8699951171875
551,2012-03-12,1371.0899658203125
552,2012-03-13,1395.949951171875
553,2012-03-14,1394.280029296875
554,2012-03-15,1402.5999755859375
555,2012-03-16,1404.1700439453125
556,2012-03-19,1409.75
557,2012-03-20,1405.52001953125
558,2012-03-21,1402.8900146484375
559,2012-03-22,1392.780029296875
560,2012-03-23,1397.1099853515625
561,2012-03-26,1416.510009765625
562,2012-03-27,1412.52001953125
563,2012-03-28,1405.5400390625
564,2012-03-29,1403.280029296875
565,2012-03-30,1408.469970703125
566,2012-04-02,1419.0400390625
567,2012-04-03,1413.3800048828125
568,2012-04-04,1398.9599609375
569,2012-04-05,1398.0799560546875
570,2012-04-09,1382.199951171875
571,2012-04-10,1358.5899658203125
572,2012-04-11,1368.7099609375
573,2012-04-12,1387.5699462890625
574,2012-04-13,1370.260009765625
575,2012-04-16,1369.5699462890625
576,2012-04-17,1390.780029296875
577,2012-04-18,1385.1400146484375
578,2012-04-19,1376.9200439453125
579,2012-04-20,1378.530029296875
580,2012-04-23,1366.93994140625
581,2012-04-24,1371.969970703125
582,2012-04-25,1390.68994140625
583,2012-04-26,1399.97998046875
584,2012-04-27,1403.3599853515625
585,2012-04-30,1397.9100341796875
586,2012-05-01,1405.8199462890625
587,2012-05-02,1402.31005859375
588,2012-05-03,1391.5699462890625
589,2012-05-04,1369.0999755859375
590,2012-05-07,1369.5799560546875
591,2012-05-08,1363.719970703125
592,2012-05-09,1354.5799560546875
593,2012-05-10,1357.989990234375
594,2012-05-11,1353.3900146484375
595,2012-05-14,1338.3499755859375
596,2012-05-15,1330.6600341796875
597,2012-05-16,1324.800048828125
598,2012-05-17,1304.8599853515625
599,2012-05-18,1295.219970703125
600,2012-05-21,1315.989990234375
601,2012-05-22,1316.6300048828125
602,2012-05-23,1318.8599853515625
603,2012-05-24,1320.6800537109375
604,2012-05-25,1317.8199462890625
605,2012-05-29,1332.4200439453125
606,2012-05-30,1313.3199462890625
607,2012-05-31,1310.3299560546875
608,2012-06-01,1278.0400390625
609,2012-06-04,1278.1800537109375
610,2012-06-05,1285.5
611,2012-06-06,1315.1300048828125
612,2012-06-07,1314.989990234375
613,2012-06-08,1325.6600341796875
614,2012-06-11,1308.9300537109375
615,2012-06-12,1324.1800537109375
616,2012-06-13,1314.8800048828125
617,2012-06-14,1329.0999755859375
618,2012-06-15,1342.8399658203125
619,2012-06-18,1344.780029296875
620,2012-06-19,1357.97998046875
621,2012-06-20,1355.68994140625
622,2012-06-21,1325.510009765625
623,2012-06-22,1335.02001953125
624,2012-06-25,1313.719970703125
625,2012-06-26,1319.989990234375
626,2012-06-27,1331.8499755859375
627,2012-06-28,1329.0400390625
628,2012-06-29,1362.1600341796875
629,2012-07-02,1365.510009765625
630,2012-07-03,1374.02001953125
631,2012-07-05,1367.5799560546875
632,2012-07-06,1354.6800537109375
633,2012-07-09,1352.4599609375
634,2012-07-10,1341.469970703125
635,2012-07-11,1341.449951171875
636,2012-07-12,1334.760009765625
637,2012-07-13,1356.780029296875
638,2012-07-16,1353.6400146484375
639,2012-07-17,1363.6700439453125
640,2012-07-18,1372.780029296875
641,2012-07-19,1376.510009765625
642,2012-07-20,1362.6600341796875
643,2012-07-23,1350.52001953125
644,2012-07-24,1338.31005859375
645,2012-07-25,1337.8900146484375
646,2012-07-26,1360.02001953125
647,2012-07-27,1385.969970703125
648,2012-07-30,1385.300048828125
649,2012-07-31,1379.3199462890625
650,2012-08-01,1375.3199462890625
651,2012-08-02,1365.0
652,2012-08-03,1390.989990234375
653,2012-08-06,1394.22998046875
654,2012-08-07,1401.3499755859375
655,2012-08-08,1402.219970703125
656,2012-08-09,1402.800048828125
657,2012-08-10,1405.8699951171875
658,2012-08-13,1404.1099853515625
659,2012-08-14,1403.9300537109375
660,2012-08-15,1405.530029296875
661,2012-08-16,1415.510009765625
662,2012-08-17,1418.1600341796875
663,2012-08-20,1418.1300048828125
664,2012-08-21,1413.1700439453125
665,2012-08-22,1413.489990234375
666,2012-08-23,1402.0799560546875
667,2012-08-24,1411.1300048828125
668,2012-08-27,1410.43994140625
669,2012-08-28,1409.300048828125
670,2012-08-29,1410.489990234375
671,2012-08-30,1399.47998046875
672,2012-08-31,1406.5799560546875
673,2012-09-04,1404.93994140625
674,2012-09-05,1403.43994140625
675,2012-09-06,1432.1199951171875
676,2012-09-07,1437.9200439453125
677,2012-09-10,1429.0799560546875
678,2012-09-11,1433.56005859375
679,2012-09-12,1436.56005859375
680,2012-09-13,1459.989990234375
681,2012-09-14,1465.77001953125
682,2012-09-17,1461.18994140625
683,2012-09-18,1459.3199462890625
684,2012-09-19,1461.050048828125
685,2012-09-20,1460.260009765625
686,2012-09-21,1460.1500244140625
687,2012-09-24,1456.8900146484375
688,2012-09-25,1441.5899658203125
689,2012-09-26,1433.3199462890625
690,2012-09-27,1447.1500244140625
691,2012-09-28,1440.6700439453125
692,2012-10-01,1444.489990234375
693,2012-10-02,1445.75
694,2012-10-03,1450.989990234375
695,2012-10-04,1461.4000244140625
696,2012-10-05,1460.9300537109375
697,2012-10-08,1455.8800048828125
698,2012-10-09,1441.47998046875
699,2012-10-10,1432.56005859375
700,2012-10-11,1432.8399658203125
701,2012-10-12,1428.5899658203125
702,2012-10-15,1440.1300048828125
703,2012-10-16,1454.9200439453125
704,2012-10-17,1460.9100341796875
705,2012-10-18,1457.3399658203125
706,2012-10-19,1433.18994140625
707,2012-10-22,1433.8199462890625
708,2012-10-23,1413.1099853515625
709,2012-10-24,1408.75
710,2012-10-25,1412.969970703125
711,2012-10-26,1411.93994140625
712,2012-10-31,1412.1600341796875
713,2012-11-01,1427.5899658203125
714,2012-11-02,1414.199951171875
715,2012-11-05,1417.260009765625
716,2012-11-06,1428.3900146484375
717,2012-11-07,1394.530029296875
718,2012-11-08,1377.510009765625
719,2012-11-09,1379.8499755859375
720,2012-11-12,1380.030029296875
721,2012-11-13,1374.530029296875
722,2012-11-14,1355.489990234375
723,2012-11-15,1353.3299560546875
724,2012-11-16,1359.8800048828125
725,2012-11-19,1386.8900146484375
726,2012-11-20,1387.81005859375
727,2012-11-21,1391.030029296875
728,2012-11-23,1409.1500244140625
729,2012-11-26,1406.2900390625
730,2012-11-27,1398.93994140625
731,2012-11-28,1409.9300537109375
732,2012-11-29,1415.949951171875
733,2012-11-30,1416.1800537109375
734,2012-12-03,1409.4599609375
735,2012-12-04,1407.050048828125
736,2012-12-05,1409.280029296875
737,2012-12-06,1413.93994140625
738,2012-12-07,1418.0699462890625
739,2012-12-10,1418.550048828125
740,2012-12-11,1427.8399658203125
741,2012-12-12,1428.47998046875
742,2012-12-13,1419.449951171875
743,2012-12-14,1413.5799560546875
744,2012-12-17,1430.3599853515625
745,2012-12-18,1446.7900390625
746,2012-12-19,1435.81005859375
747,2012-12-20,1443.68994140625
748,2012-12-21,1430.1500244140625
749,2012-12-24,1426.6600341796875
750,2012-12-26,1419.8299560546875
751,2012-12-27,1418.0999755859375
752,2012-12-28,1402.4300537109375
753,2012-12-31,1426.18994140625
754,2013-01-02,1462.4200439453125
755,2013-01-03,1459.3699951171875
756,2013-01-04,1466.469970703125
757,2013-01-07,1461.8900146484375
758,2013-01-08,1457.1500244140625
759,2013-01-09,1461.02001953125
760,2013-01-10,1472.1199951171875
761,2013-01-11,1472.050048828125
762,2013-01-14,1470.6800537109375
763,2013-01-15,1472.3399658203125
764,2013-01-16,1472.6300048828125
765,2013-01-17,1480.93994140625
766,2013-01-18,1485.97998046875
767,2013-01-22,1492.56005859375
768,2013-01-23,1494.81005859375
769,2013-01-24,1494.8199462890625
770,2013-01-25,1502.9599609375
771,2013-01-28,1500.1800537109375
772,2013-01-29,1507.8399658203125
773,2013-01-30,1501.9599609375
774,2013-01-31,1498.1099853515625
775,2013-02-01,1513.1700439453125
776,2013-02-04,1495.7099609375
777,2013-02-05,1511.2900390625
778,2013-02-06,1512.1199951171875
779,2013-02-07,1509.3900146484375
780,2013-02-08,1517.9300537109375
781,2013-02-11,1517.010009765625
782,2013-02-12,1519.4300537109375
783,2013-02-13,1520.3299560546875
784,2013-02-14,1521.3800048828125
785,2013-02-15,1519.7900390625
786,2013-02-19,1530.93994140625
787,2013-02-20,1511.949951171875
788,2013-02-21,1502.4200439453125
789,2013-02-22,1515.5999755859375
790,2013-02-25,1487.8499755859375
791,2013-02-26,1496.93994140625
792,2013-02-27,1515.989990234375
793,2013-02-28,1514.6800537109375
794,2013-03-01,1518.199951171875
795,2013-03-04,1525.199951171875
796,2013-03-05,1539.7900390625
797,2013-03-06,1541.4599609375
798,2013-03-07,1544.260009765625
799,2013-03-08,1551.1800537109375
800,2013-03-11,1556.219970703125
801,2013-03-12,1552.47998046875
802,2013-03-13,1554.52001953125
803,2013-03-14,1563.22998046875
804,2013-03-15,1560.699951171875
805,2013-03-18,1552.0999755859375
806,2013-03-19,1548.3399658203125
807,2013-03-20,1558.7099609375
808,2013-03-21,1545.800048828125
809,2013-03-22,1556.8900146484375
810,2013-03-25,1551.68994140625
811,2013-03-26,1563.77001953125
812,2013-03-27,1562.8499755859375
813,2013-03-28,1569.18994140625
814,2013-04-01,1562.1700439453125
815,2013-04-02,1570.25
816,2013-04-03,1553.68994140625
817,2013-04-04,1559.97998046875
818,2013-04-05,1553.280029296875
819,2013-04-08,1563.0699462890625
820,2013-04-09,1568.6099853515625
821,2013-04-10,1587.72998046875
822,2013-04-11,1593.3699951171875
823,2013-04-12,1588.8499755859375
824,2013-04-15,1552.3599853515625
825,2013-04-16,1574.5699462890625
826,2013-04-17,1552.010009765625
827,2013-04-18,1541.6099853515625
828,2013-04-19,1555.25
829,2013-04-22,1562.5
830,2013-04-23,1578.780029296875
831,2013-04-24,1578.7900390625
832,2013-04-25,1585.1600341796875
833,2013-04-26,1582.239990234375
834,2013-04-29,1593.6099853515625
835,2013-04-30,1597.5699462890625
836,2013-05-01,1582.699951171875
837,2013-05-02,1597.5899658203125
838,2013-05-03,1614.4200439453125
839,2013-05-06,1617.5
840,2013-05-07,1625.9599609375
841,2013-05-08,1632.68994140625
842,2013-05-09,1626.6700439453125
843,2013-05-10,1633.699951171875
844,2013-05-13,1633.77001953125
845,2013-05-14,1650.3399658203125
846,2013-05-15,1658.780029296875
847,2013-05-16,1650.469970703125
848,2013-05-17,1667.469970703125
849,2013-05-20,1666.2900390625
850,2013-05-21,1669.1600341796875
851,2013-05-22,1655.3499755859375
852,2013-05-23,1650.510009765625
853,2013-05-24,1649.5999755859375
854,2013-05-28,1660.06005859375
855,2013-05-29,1648.3599853515625
856,2013-05-30,1654.4100341796875
857,2013-05-31,1630.739990234375
858,2013-06-03,1640.4200439453125
859,2013-06-04,1631.3800048828125
860,2013-06-05,1608.9000244140625
861,2013-06-06,1622.56005859375
862,2013-06-07,1643.3800048828125
863,2013-06-10,1642.81005859375
864,2013-06-11,1626.1300048828125
865,2013-06-12,1612.52001953125
866,2013-06-13,1636.3599853515625
867,2013-06-14,1626.72998046875
868,2013-06-17,1639.0400390625
869,2013-06-18,1651.81005859375
870,2013-06-19,1628.9300537109375
871,2013-06-20,1588.18994140625
872,2013-06-21,1592.4300537109375
873,2013-06-24,1573.0899658203125
874,2013-06-25,1588.030029296875
875,2013-06-26,1603.260009765625
876,2013-06-27,1613.199951171875
877,2013-06-28,1606.280029296875
878,2013-07-01,1614.9599609375
879,2013-07-02,1614.0799560546875
880,2013-07-03,1615.4100341796875
881,2013-07-05,1631.8900146484375
882,2013-07-08,1640.4599609375
883,2013-07-09,1652.3199462890625
884,2013-07-10,1652.6199951171875
885,2013-07-11,1675.02001953125
886,2013-07-12,1680.18994140625
887,2013-07-15,1682.5
888,2013-07-16,1676.260009765625
889,2013-07-17,1680.9100341796875
890,2013-07-18,1689.3699951171875
891,2013-07-19,1692.0899658203125
892,2013-07-22,1695.530029296875
893,2013-07-23,1692.3900146484375
894,2013-07-24,1685.93994140625
895,2013-07-25,1690.25
896,2013-07-26,1691.6500244140625
897,2013-07-29,1685.3299560546875
898,2013-07-30,1685.9599609375
899,2013-07-31,1685.72998046875
900,2013-08-01,1706.8699951171875
901,2013-08-02,1709.6700439453125
902,2013-08-05,1707.1400146484375
903,2013-08-06,1697.3699951171875
904,2013-08-07,1690.9100341796875
905,2013-08-08,1697.47998046875
906,2013-08-09,1691.4200439453125
907,2013-08-12,1689.469970703125
908,2013-08-13,1694.1600341796875
909,2013-08-14,1685.3900146484375
910,2013-08-15,1661.3199462890625
911,2013-08-16,1655.8299560546875
912,2013-08-19,1646.06005859375
913,2013-08-20,1652.3499755859375
914,2013-08-21,1642.800048828125
915,2013-08-22,1656.9599609375
916,2013-08-23,1663.5
917,2013-08-26,1656.780029296875
918,2013-08-27,1630.47998046875
919,2013-08-28,1634.9599609375
920,2013-08-29,1638.1700439453125
921,2013-08-30,1632.969970703125
922,2013-09-03,1639.77001953125
923,2013-09-04,1653.0799560546875
924,2013-09-05,1655.0799560546875
925,2013-09-06,1655.1700439453125
926,2013-09-09,1671.7099609375
927,2013-09-10,1683.989990234375
928,2013-09-11,1689.1300048828125
929,2013-09-12,1683.4200439453125
930,2013-09-13,1687.989990234375
931,2013-09-16,1697.5999755859375
932,2013-09-17,1704.760009765625
933,2013-09-18,1725.52001953125
934,2013-09-19,1722.3399658203125
935,2013-09-20,1709.9100341796875
936,2013-09-23,1701.8399658203125
937,2013-09-24,1697.4200439453125
938,2013-09-25,1692.77001953125
939,2013-09-26,1698.6700439453125
940,2013-09-27,1691.75
941,2013-09-30,1681.550048828125
942,2013-10-01,1695.0
943,2013-10-02,1693.8699951171875
944,2013-10-03,1678.6600341796875
945,2013-10-04,1690.5
946,2013-10-07,1676.1199951171875
947,2013-10-08,1655.449951171875
948,2013-10-09,1656.4000244140625
949,2013-10-10,1692.56005859375
950,2013-10-11,1703.199951171875
951,2013-10-14,1710.1400146484375
952,2013-10-15,1698.06005859375
953,2013-10-16,1721.5400390625
954,2013-10-17,1733.1500244140625
955,2013-10-18,1744.5
956,2013-10-21,1744.6600341796875
957,2013-10-22,1754.6700439453125
958,2013-10-23,1746.3800048828125
959,2013-10-24,1752.0699462890625
960,2013-10-25,1759.77001953125
961,2013-10-28,1762.1099853515625
962,2013-10-29,1771.949951171875
963,2013-10-30,1763.31005859375
964,2013-10-31,1756.5400390625
965,2013-11-01,1761.6400146484375
966,2013-11-04,1767.9300537109375
967,2013-11-05,1762.969970703125
968,2013-11-06,1770.489990234375
969,2013-11-07,1747.1500244140625
970,2013-11-08,1770.6099853515625
971,2013-11-11,1771.8900146484375
972,2013-11-12,1767.68994140625
973,2013-11-13,1782.0
974,2013-11-14,1790.6199951171875
975,2013-11-15,1798.1800537109375
976,2013-11-18,1791.530029296875
977,2013-11-19,1787.8699951171875
978,2013-11-20,1781.3699951171875
979,2013-11-21,1795.8499755859375
980,2013-11-22,1804.760009765625
981,2013-11-25,1802.47998046875
982,2013-11-26,1802.75
983,2013-11-27,1807.22998046875
984,2013-11-29,1805.81005859375
985,2013-12-02,1800.9000244140625
986,2013-12-03,1795.1500244140625
987,2013-12-04,1792.81005859375
988,2013-12-05,1785.030029296875
989,2013-12-06,1805.0899658203125
990,2013-12-09,1808.3699951171875
991,2013-12-10,1802.6199951171875
992,2013-12-11,1782.219970703125
993,2013-12-12,1775.5
994,2013-12-13,1775.3199462890625
995,2013-12-16,1786.5400390625
996,2013-12-17,1781.0
997,2013-12-18,1810.6500244140625
998,2013-12-19,1809.5999755859375
999,2013-12-20,1818.3199462890625
1000,2013-12-23,1827.989990234375
1001,2013-12-24,1833.3199462890625
1002,2013-12-26,1842.02001953125
1003,2013-12-27,1841.4000244140625
1004,2013-12-30,1841.0699462890625
1005,2013-12-31,1848.3599853515625
1006,2014-01-02,1831.97998046875
1007,2014-01-03,1831.3699951171875
1008,2014-01-06,1826.77001953125
1009,2014-01-07,1837.8800048828125
1010,2014-01-08,1837.489990234375
1011,2014-01-09,1838.1300048828125
1012,2014-01-10,1842.3699951171875
1013,2014-01-13,1819.199951171875
1014,2014-01-14,1838.8800048828125
1015,2014-01-15,1848.3800048828125
1016,2014-01-16,1845.8900146484375
1017,2014-01-17,1838.699951171875
1018,2014-01-21,1843.800048828125
1019,2014-01-22,1844.8599853515625
1020,2014-01-23,1828.4599609375
1021,2014-01-24,1790.2900390625
1022,2014-01-27,1781.56005859375
1023,2014-01-28,1792.5
1024,2014-01-29,1774.199951171875
1025,2014-01-30,1794.18994140625
1026,2014-01-31,1782.5899658203125
1027,2014-02-03,1741.8900146484375
1028,2014-02-04,1755.199951171875
1029,2014-02-05,1751.6400146484375
1030,2014-02-06,1773.4300537109375
1031,2014-02-07,1797.02001953125
1032,2014-02-10,1799.8399658203125
1033,2014-02-11,1819.75
1034,2014-02-12,1819.260009765625
1035,2014-02-13,1829.8299560546875
1036,2014-02-14,1838.6300048828125
1037,2014-02-18,1840.760009765625
1038,2014-02-19,1828.75
1039,2014-02-20,1839.780029296875
1040,2014-02-21,1836.25
1041,2014-02-24,1847.6099853515625
1042,2014-02-25,1845.1199951171875
1043,2014-02-26,1845.1600341796875
1044,2014-02-27,1854.2900390625
1045,2014-02-28,1859.449951171875
1046,2014-03-03,1845.72998046875
1047,2014-03-04,1873.9100341796875
1048,2014-03-05,1873.81005859375
1049,2014-03-06,1877.030029296875
1050,2014-03-07,1878.0400390625
1051,2014-03-10,1877.1700439453125
1052,2014-03-11,1867.6300048828125
1053,2014-03-12,1868.199951171875
1054,2014-03-13,1846.3399658203125
1055,2014-03-14,1841.1300048828125
1056,2014-03-17,1858.8299560546875
1057,2014-03-18,1872.25
1058,2014-03-19,1860.77001953125
1059,2014-03-20,1872.010009765625
1060,2014-03-21,1866.52001953125
1061,2014-03-24,1857.43994140625
1062,2014-03-25,1865.6199951171875
1063,2014-03-26,1852.56005859375
1064,2014-03-27,1849.0400390625
1065,2014-03-28,1857.6199951171875
1066,2014-03-31,1872.3399658203125
1067,2014-04-01,1885.52001953125
1068,2014-04-02,1890.9000244140625
1069,2014-04-03,1888.77001953125
1070,2014-04-04,1865.0899658203125
1071,2014-04-07,1845.0400390625
1072,2014-04-08,1851.9599609375
1073,2014-04-09,1872.1800537109375
1074,2014-04-10,1833.0799560546875
1075,2014-04-11,1815.68994140625
1076,2014-04-14,1830.6099853515625
1077,2014-04-15,1842.97998046875
1078,2014-04-16,1862.31005859375
1079,2014-04-17,1864.8499755859375
1080,2014-04-21,1871.8900146484375
1081,2014-04-22,1879.550048828125
1082,2014-04-23,1875.3900146484375
1083,2014-04-24,1878.6099853515625
1084,2014-04-25,1863.4000244140625
1085,2014-04-28,1869.4300537109375
1086,2014-04-29,1878.3299560546875
1087,2014-04-30,1883.949951171875
1088,2014-05-01,1883.6800537109375
1089,2014-05-02,1881.1400146484375
1090,2014-05-05,1884.6600341796875
1091,2014-05-06,1867.719970703125
1092,2014-05-07,1878.2099609375
1093,2014-05-08,1875.6300048828125
1094,2014-05-09,1878.47998046875
1095,2014-05-12,1896.6500244140625
1096,2014-05-13,1897.449951171875
1097,2014-05-14,1888.530029296875
1098,2014-05-15,1870.8499755859375
1099,2014-05-16,1877.8599853515625
1100,2014-05-19,1885.0799560546875
1101,2014-05-20,1872.8299560546875
1102,2014-05-21,1888.030029296875
1103,2014-05-22,1892.489990234375
1104,2014-05-23,1900.530029296875
1105,2014-05-27,1911.9100341796875
1106,2014-05-28,1909.780029296875
1107,2014-05-29,1920.030029296875
1108,2014-05-30,1923.5699462890625
1109,2014-06-02,1924.969970703125
1110,2014-06-03,1924.239990234375
1111,2014-06-04,1927.8800048828125
1112,2014-06-05,1940.4599609375
1113,2014-06-06,1949.43994140625
1114,2014-06-09,1951.27001953125
1115,2014-06-10,1950.7900390625
1116,2014-06-11,1943.8900146484375
1117,2014-06-12,1930.1099853515625
1118,2014-06-13,1936.1600341796875
1119,2014-06-16,1937.780029296875
1120,2014-06-17,1941.989990234375
1121,2014-06-18,1956.97998046875
1122,2014-06-19,1959.47998046875
1123,2014-06-20,1962.8699951171875
1124,2014-06-23,1962.6099853515625
1125,2014-06-24,1949.97998046875
1126,2014-06-25,1959.530029296875
1127,2014-06-26,1957.219970703125
1128,2014-06-27,1960.9599609375
1129,2014-06-30,1960.22998046875
1130,2014-07-01,1973.3199462890625
1131,2014-07-02,1974.6199951171875
1132,2014-07-03,1985.43994140625
1133,2014-07-07,1977.6500244140625
1134,2014-07-08,1963.7099609375
1135,2014-07-09,1972.8299560546875
1136,2014-07-10,1964.6800537109375
1137,2014-07-11,1967.5699462890625
1138,2014-07-14,1977.0999755859375
1139,2014-07-15,1973.280029296875
1140,2014-07-16,1981.5699462890625
1141,2014-07-17,1958.1199951171875
1142,2014-07-18,1978.219970703125
1143,2014-07-21,1973.6300048828125
1144,2014-07-22,1983.530029296875
1145,2014-07-23,1987.010009765625
1146,2014-07-24,1987.97998046875
1147,2014-07-25,1978.3399658203125
1148,2014-07-28,1978.9100341796875
1149,2014-07-29,1969.949951171875
1150,2014-07-30,1970.0699462890625
1151,2014-07-31,1930.6700439453125
1152,2014-08-01,1925.1500244140625
1153,2014-08-04,1938.989990234375
1154,2014-08-05,1920.2099609375
1155,2014-08-06,1920.239990234375
1156,2014-08-07,1909.5699462890625
1157,2014-08-08,1931.5899658203125
1158,2014-08-11,1936.9200439453125
1159,2014-08-12,1933.75
1160,2014-08-13,1946.719970703125
1161,2014-08-14,1955.1800537109375
1162,2014-08-15,1955.06005859375
1163,2014-08-18,1971.739990234375
1164,2014-08-19,1981.5999755859375
1165,2014-08-20,1986.510009765625
1166,2014-08-21,1992.3699951171875
1167,2014-08-22,1988.4000244140625
1168,2014-08-25,1997.9200439453125
1169,2014-08-26,2000.02001953125
1170,2014-08-27,2000.1199951171875
1171,2014-08-28,1996.739990234375
1172,2014-08-29,2003.3699951171875
1173,2014-09-02,2002.280029296875
1174,2014-09-03,2000.719970703125
1175,2014-09-04,1997.6500244140625
1176,2014-09-05,2007.7099609375
1177,2014-09-08,2001.5400390625
1178,2014-09-09,1988.43994140625
1179,2014-09-10,1995.68994140625
1180,2014-09-11,1997.449951171875
1181,2014-09-12,1985.5400390625
1182,2014-09-15,1984.1300048828125
1183,2014-09-16,1998.97998046875
1184,2014-09-17,2001.5699462890625
1185,2014-09-18,2011.3599853515625
1186,2014-09-19,2010.4000244140625
1187,2014-09-22,1994.2900390625
1188,2014-09-23,1982.77001953125
1189,2014-09-24,1998.300048828125
1190,2014-09-25,1965.989990234375
1191,2014-09-26,1982.8499755859375
1192,2014-09-29,1977.800048828125
1193,2014-09-30,1972.2900390625
1194,2014-10-01,1946.1600341796875
1195,2014-10-02,1946.1700439453125
1196,2014-10-03,1967.9000244140625
1197,2014-10-06,1964.8199462890625
1198,2014-10-07,1935.0999755859375
1199,2014-10-08,1968.8900146484375
1200,2014-10-09,1928.2099609375
1201,2014-10-10,1906.1300048828125
1202,2014-10-13,1874.739990234375
1203,2014-10-14,1877.699951171875
1204,2014-10-15,1862.489990234375
1205,2014-10-16,1862.760009765625
1206,2014-10-17,1886.760009765625
1207,2014-10-20,1904.010009765625
1208,2014-10-21,1941.280029296875
1209,2014-10-22,1927.1099853515625
1210,2014-10-23,1950.8199462890625
1211,2014-10-24,1964.5799560546875
1212,2014-10-27,1961.6300048828125
1213,2014-10-28,1985.050048828125
1214,2014-10-29,1982.300048828125
1215,2014-10-30,1994.6500244140625
1216,2014-10-31,2018.050048828125
1217,2014-11-03,2017.81005859375
1218,2014-11-04,2012.0999755859375
1219,2014-11-05,2023.5699462890625
1220,2014-11-06,2031.2099609375
1221,2014-11-07,2031.9200439453125
1222,2014-11-10,2038.260009765625
1223,2014-11-11,2039.6800537109375
1224,2014-11-12,2038.25
1225,2014-11-13,2039.3299560546875
1226,2014-11-14,2039.8199462890625
1227,2014-11-17,2041.3199462890625
1228,2014-11-18,2051.800048828125
1229,2014-11-19,2048.719970703125
1230,2014-11-20,2052.75
1231,2014-11-21,2063.5
1232,2014-11-24,2069.409912109375
1233,2014-11-25,2067.030029296875
1234,2014-11-26,2072.830078125
1235,2014-11-28,2067.56005859375
1236,2014-12-01,2053.43994140625
1237,2014-12-02,2066.550048828125
1238,2014-12-03,2074.330078125
1239,2014-12-04,2071.919921875
1240,2014-12-05,2075.3701171875
1241,2014-12-08,2060.31005859375
1242,2014-12-09,2059.820068359375
1243,2014-12-10,2026.1400146484375
1244,2014-12-11,2035.3299560546875
1245,2014-12-12,2002.3299560546875
1246,2014-12-15,1989.6300048828125
1247,2014-12-16,1972.739990234375
1248,2014-12-17,2012.8900146484375
1249,2014-12-18,2061.22998046875
1250,2014-12-19,2070.64990234375
1251,2014-12-22,2078.5400390625
1252,2014-12-23,2082.169921875
1253,2014-12-24,2081.8798828125
1254,2014-12-26,2088.77001953125
1255,2014-12-29,2090.570068359375
1256,2014-12-30,2080.35009765625
1257,2014-12-31,2058.89990234375
1258,2015-01-02,2058.199951171875
1259,2015-01-05,2020.5799560546875
1260,2015-01-06,2002.6099853515625
1261,2015-01-07,2025.9000244140625
1262,2015-01-08,2062.139892578125
1263,2015-01-09,2044.81005859375
1264,2015-01-12,2028.260009765625
1265,2015-01-13,2023.030029296875
1266,2015-01-14,2011.27001953125
1267,2015-01-15,1992.6700439453125
1268,2015-01-16,2019.4200439453125
1269,2015-01-20,2022.550048828125
1270,2015-01-21,2032.1199951171875
1271,2015-01-22,2063.14990234375
1272,2015-01-23,2051.820068359375
1273,2015-01-26,2057.090087890625
1274,2015-01-27,2029.550048828125
1275,2015-01-28,2002.1600341796875
1276,2015-01-29,2021.25
1277,2015-01-30,1994.989990234375
1278,2015-02-02,2020.8499755859375
1279,2015-02-03,2050.030029296875
1280,2015-02-04,2041.510009765625
1281,2015-02-05,2062.52001953125
1282,2015-02-06,2055.469970703125
1283,2015-02-09,2046.739990234375
1284,2015-02-10,2068.590087890625
1285,2015-02-11,2068.530029296875
1286,2015-02-12,2088.47998046875
1287,2015-02-13,2096.989990234375
1288,2015-02-17,2100.340087890625
1289,2015-02-18,2099.679931640625
1290,2015-02-19,2097.449951171875
1291,2015-02-20,2110.300048828125
1292,2015-02-23,2109.659912109375
1293,2015-02-24,2115.47998046875
1294,2015-02-25,2113.860107421875
1295,2015-02-26,2110.739990234375
1296,2015-02-27,2104.5
1297,2015-03-02,2117.389892578125
1298,2015-03-03,2107.780029296875
1299,2015-03-04,2098.530029296875
1300,2015-03-05,2101.0400390625
1301,2015-03-06,2071.260009765625
1302,2015-03-09,2079.429931640625
1303,2015-03-10,2044.1600341796875
1304,2015-03-11,2040.239990234375
1305,2015-03-12,2065.949951171875
1306,2015-03-13,2053.39990234375
1307,2015-03-16,2081.18994140625
1308,2015-03-17,2074.280029296875
1309,2015-03-18,2099.5
1310,2015-03-19,2089.27001953125
1311,2015-03-20,2108.10009765625
1312,2015-03-23,2104.419921875
1313,2015-03-24,2091.5
1314,2015-03-25,2061.050048828125
1315,2015-03-26,2056.14990234375
1316,2015-03-27,2061.02001953125
1317,2015-03-30,2086.239990234375
1318,2015-03-31,2067.889892578125
1319,2015-04-01,2059.68994140625
1320,2015-04-02,2066.9599609375
1321,2015-04-06,2080.6201171875
1322,2015-04-07,2076.330078125
1323,2015-04-08,2081.89990234375
1324,2015-04-09,2091.179931640625
1325,2015-04-10,2102.06005859375
1326,2015-04-13,2092.429931640625
1327,2015-04-14,2095.840087890625
1328,2015-04-15,2106.6298828125
1329,2015-04-16,2104.989990234375
1330,2015-04-17,2081.179931640625
1331,2015-04-20,2100.39990234375
1332,2015-04-21,2097.2900390625
1333,2015-04-22,2107.9599609375
1334,2015-04-23,2112.929931640625
1335,2015-04-24,2117.68994140625
1336,2015-04-27,2108.919921875
1337,2015-04-28,2114.760009765625
1338,2015-04-29,2106.85009765625
1339,2015-04-30,2085.510009765625
1340,2015-05-01,2108.2900390625
1341,2015-05-04,2114.489990234375
1342,2015-05-05,2089.4599609375
1343,2015-05-06,2080.14990234375
1344,2015-05-07,2088.0
1345,2015-05-08,2116.10009765625
1346,2015-05-11,2105.330078125
1347,2015-05-12,2099.1201171875
1348,2015-05-13,2098.47998046875
1349,2015-05-14,2121.10009765625
1350,2015-05-15,2122.72998046875
1351,2015-05-18,2129.199951171875
1352,2015-05-19,2127.830078125
1353,2015-05-20,2125.85009765625
1354,2015-05-21,2130.820068359375
1355,2015-05-22,2126.06005859375
1356,2015-05-26,2104.199951171875
1357,2015-05-27,2123.47998046875
1358,2015-05-28,2120.7900390625
1359,2015-05-29,2107.389892578125
1360,2015-06-01,2111.72998046875
1361,2015-06-02,2109.60009765625
1362,2015-06-03,2114.070068359375
1363,2015-06-04,2095.840087890625
1364,2015-06-05,2092.830078125
1365,2015-06-08,2079.280029296875
1366,2015-06-09,2080.14990234375
1367,2015-06-10,2105.199951171875
1368,2015-06-11,2108.860107421875
1369,2015-06-12,2094.110107421875
1370,2015-06-15,2084.429931640625
1371,2015-06-16,2096.2900390625
1372,2015-06-17,2100.43994140625
1373,2015-06-18,2121.239990234375
1374,2015-06-19,2109.989990234375
1375,2015-06-22,2122.85009765625
1376,2015-06-23,2124.199951171875
1377,2015-06-24,2108.580078125
1378,2015-06-25,2102.31005859375
1379,2015-06-26,2101.489990234375
1380,2015-06-29,2057.639892578125
1381,2015-06-30,2063.110107421875
1382,2015-07-01,2077.419921875
1383,2015-07-02,2076.780029296875
1384,2015-07-06,2068.760009765625
1385,2015-07-07,2081.340087890625
1386,2015-07-08,2046.6800537109375
1387,2015-07-09,2051.31005859375
1388,2015-07-10,2076.6201171875
1389,2015-07-13,2099.60009765625
1390,2015-07-14,2108.949951171875
1391,2015-07-15,2107.39990234375
1392,2015-07-16,2124.2900390625
1393,2015-07-17,2126.639892578125
1394,2015-07-20,2128.280029296875
1395,2015-07-21,2119.2099609375
1396,2015-07-22,2114.14990234375
1397,2015-07-23,2102.14990234375
1398,2015-07-24,2079.64990234375
1399,2015-07-27,2067.639892578125
1400,2015-07-28,2093.25
1401,2015-07-29,2108.570068359375
1402,2015-07-30,2108.6298828125
1403,2015-07-31,2103.840087890625
1404,2015-08-03,2098.0400390625
1405,2015-08-04,2093.320068359375
1406,2015-08-05,2099.840087890625
1407,2015-08-06,2083.56005859375
1408,2015-08-07,2077.570068359375
1409,2015-08-10,2104.179931640625
1410,2015-08-11,2084.070068359375
1411,2015-08-12,2086.050048828125
1412,2015-08-13,2083.389892578125
1413,2015-08-14,2091.5400390625
1414,2015-08-17,2102.43994140625
1415,2015-08-18,2096.919921875
1416,2015-08-19,2079.610107421875
1417,2015-08-20,2035.72998046875
1418,2015-08-21,1970.8900146484375
1419,2015-08-24,1893.2099609375
1420,2015-08-25,1867.6099853515625
1421,2015-08-26,1940.510009765625
1422,2015-08-27,1987.6600341796875
1423,2015-08-28,1988.8699951171875
1424,2015-08-31,1972.1800537109375
1425,2015-09-01,1913.8499755859375
1426,2015-09-02,1948.8599853515625
1427,2015-09-03,1951.1300048828125
1428,2015-09-04,1921.219970703125
1429,2015-09-08,1969.4100341796875
1430,2015-09-09,1942.0400390625
1431,2015-09-10,1952.2900390625
1432,2015-09-11,1961.050048828125
1433,2015-09-14,1953.030029296875
1434,2015-09-15,1978.0899658203125
1435,2015-09-16,1995.31005859375
1436,2015-09-17,1990.199951171875
1437,2015-09-18,1958.030029296875
1438,2015-09-21,1966.969970703125
1439,2015-09-22,1942.739990234375
1440,2015-09-23,1938.760009765625
1441,2015-09-24,1932.239990234375
1442,2015-09-25,1931.3399658203125
1443,2015-09-28,1881.77001953125
1444,2015-09-29,1884.0899658203125
1445,2015-09-30,1920.030029296875
1446,2015-10-01,1923.8199462890625
1447,2015-10-02,1951.3599853515625
1448,2015-10-05,1987.050048828125
1449,2015-10-06,1979.9200439453125
1450,2015-10-07,1995.8299560546875
1451,2015-10-08,2013.4300537109375
1452,2015-10-09,2014.8900146484375
1453,2015-10-12,2017.4599609375
1454,2015-10-13,2003.68994140625
1455,2015-10-14,1994.239990234375
1456,2015-10-15,2023.8599853515625
1457,2015-10-16,2033.1099853515625
1458,2015-10-19,2033.6600341796875
1459,2015-10-20,2030.77001953125
1460,2015-10-21,2018.93994140625
1461,2015-10-22,2052.510009765625
1462,2015-10-23,2075.14990234375
1463,2015-10-26,2071.179931640625
1464,2015-10-27,2065.889892578125
1465,2015-10-28,2090.35009765625
1466,2015-10-29,2089.409912109375
1467,2015-10-30,2079.360107421875
1468,2015-11-02,2104.050048828125
1469,2015-11-03,2109.7900390625
1470,2015-11-04,2102.31005859375
1471,2015-11-05,2099.929931640625
1472,2015-11-06,2099.199951171875
1473,2015-11-09,2078.580078125
1474,2015-11-10,2081.719970703125
1475,2015-11-11,2075.0
1476,2015-11-12,2045.969970703125
1477,2015-11-13,2023.0400390625
1478,2015-11-16,2053.18994140625
1479,2015-11-17,2050.43994140625
1480,2015-11-18,2083.580078125
1481,2015-11-19,2081.239990234375
1482,2015-11-20,2089.169921875
1483,2015-11-23,2086.590087890625
1484,2015-11-24,2089.139892578125
1485,2015-11-25,2088.8701171875
1486,2015-11-27,2090.110107421875
1487,2015-11-30,2080.409912109375
1488,2015-12-01,2102.6298828125
1489,2015-12-02,2079.510009765625
1490,2015-12-03,2049.6201171875
1491,2015-12-04,2091.68994140625
1492,2015-12-07,2077.070068359375
1493,2015-12-08,2063.590087890625
1494,2015-12-09,2047.6199951171875
1495,2015-12-10,2052.22998046875
1496,2015-12-11,2012.3699951171875
1497,2015-12-14,2021.93994140625
1498,2015-12-15,2043.4100341796875
1499,2015-12-16,2073.070068359375
1500,2015-12-17,2041.8900146484375
1501,2015-12-18,2005.550048828125
1502,2015-12-21,2021.1500244140625
1503,2015-12-22,2038.969970703125
1504,2015-12-23,2064.2900390625
1505,2015-12-24,2060.989990234375
1506,2015-12-28,2056.5
1507,2015-12-29,2078.360107421875
1508,2015-12-30,2063.360107421875
1509,2015-12-31,2043.93994140625
1510,2016-01-04,2012.6600341796875
1511,2016-01-05,2016.7099609375
1512,2016-01-06,1990.260009765625
1513,2016-01-07,1943.0899658203125
1514,2016-01-08,1922.030029296875
1515,2016-01-11,1923.6700439453125
1516,2016-01-12,1938.6800537109375
1517,2016-01-13,1890.280029296875
1518,2016-01-14,1921.8399658203125
1519,2016-01-15,1880.3299560546875
1520,2016-01-19,1881.3299560546875
1521,2016-01-20,1859.3299560546875
1522,2016-01-21,1868.989990234375
1523,2016-01-22,1906.9000244140625
1524,2016-01-25,1877.0799560546875
1525,2016-01-26,1903.6300048828125
1526,2016-01-27,1882.949951171875
1527,2016-01-28,1893.3599853515625
1528,2016-01-29,1940.239990234375
1529,2016-02-01,1939.3800048828125
1530,2016-02-02,1903.030029296875
1531,2016-02-03,1912.530029296875
1532,2016-02-04,1915.449951171875
1533,2016-02-05,1880.050048828125
1534,2016-02-08,1853.43994140625
1535,2016-02-09,1852.2099609375
1536,2016-02-10,1851.8599853515625
1537,2016-02-11,1829.0799560546875
1538,2016-02-12,1864.780029296875
1539,2016-02-16,1895.5799560546875
1540,2016-02-17,1926.8199462890625
1541,2016-02-18,1917.8299560546875
1542,2016-02-19,1917.780029296875
1543,2016-02-22,1945.5
1544,2016-02-23,1921.27001953125
1545,2016-02-24,1929.800048828125
1546,2016-02-25,1951.699951171875
1547,2016-02-26,1948.050048828125
1548,2016-02-29,1932.22998046875
1549,2016-03-01,1978.3499755859375
1550,2016-03-02,1986.449951171875
1551,2016-03-03,1993.4000244140625
1552,2016-03-04,1999.989990234375
1553,2016-03-07,2001.760009765625
1554,2016-03-08,1979.260009765625
1555,2016-03-09,1989.260009765625
1556,2016-03-10,1989.5699462890625
1557,2016-03-11,2022.18994140625
1558,2016-03-14,2019.6400146484375
1559,2016-03-15,2015.9300537109375
1560,2016-03-16,2027.219970703125
1561,2016-03-17,2040.5899658203125
1562,2016-03-18,2049.580078125
1563,2016-03-21,2051.60009765625
1564,2016-03-22,2049.800048828125
1565,2016-03-23,2036.7099609375
1566,2016-03-24,2035.93994140625
1567,2016-03-28,2037.050048828125
1568,2016-03-29,2055.010009765625
1569,2016-03-30,2063.949951171875
1570,2016-03-31,2059.739990234375
1571,2016-04-01,2072.780029296875
1572,2016-04-04,2066.1298828125
1573,2016-04-05,2045.1700439453125
1574,2016-04-06,2066.659912109375
1575,2016-04-07,2041.9100341796875
1576,2016-04-08,2047.5999755859375
1577,2016-04-11,2041.989990234375
1578,2016-04-12,2061.719970703125
1579,2016-04-13,2082.419921875
1580,2016-04-14,2082.780029296875
1581,2016-04-15,2080.72998046875
1582,2016-04-18,2094.340087890625
1583,2016-04-19,2100.800048828125
1584,2016-04-20,2102.39990234375
1585,2016-04-21,2091.47998046875
1586,2016-04-22,2091.580078125
1587,2016-04-25,2087.7900390625
1588,2016-04-26,2091.699951171875
1589,2016-04-27,2095.14990234375
1590,2016-04-28,2075.81005859375
1591,2016-04-29,2065.300048828125
1592,2016-05-02,2081.429931640625
1593,2016-05-03,2063.3701171875
1594,2016-05-04,2051.1201171875
1595,2016-05-05,2050.6298828125
1596,2016-05-06,2057.139892578125
1597,2016-05-09,2058.68994140625
1598,2016-05-10,2084.389892578125
1599,2016-05-11,2064.4599609375
1600,2016-05-12,2064.110107421875
1601,2016-05-13,2046.6099853515625
1602,2016-05-16,2066.659912109375
1603,2016-05-17,2047.2099609375
1604,2016-05-18,2047.6300048828125
1605,2016-05-19,2040.0400390625
1606,2016-05-20,2052.320068359375
1607,2016-05-23,2048.0400390625
1608,2016-05-24,2076.06005859375
1609,2016-05-25,2090.5400390625
1610,2016-05-26,2090.10009765625
1611,2016-05-27,2099.06005859375
1612,2016-05-31,2096.949951171875
1613,2016-06-01,2099.330078125
1614,2016-06-02,2105.260009765625
1615,2016-06-03,2099.1298828125
1616,2016-06-06,2109.409912109375
1617,2016-06-07,2112.1298828125
1618,2016-06-08,2119.1201171875
1619,2016-06-09,2115.47998046875
1620,2016-06-10,2096.070068359375
1621,2016-06-13,2079.06005859375
1622,2016-06-14,2075.320068359375
1623,2016-06-15,2071.5
1624,2016-06-16,2077.989990234375
1625,2016-06-17,2071.219970703125
1626,2016-06-20,2083.25
1627,2016-06-21,2088.89990234375
1628,2016-06-22,2085.449951171875
1629,2016-06-23,2113.320068359375
1630,2016-06-24,2037.4100341796875
1631,2016-06-27,2000.5400390625
1632,2016-06-28,2036.0899658203125
1633,2016-06-29,2070.77001953125
1634,2016-06-30,2098.860107421875
1635,2016-07-01,2102.949951171875
1636,2016-07-05,2088.550048828125
1637,2016-07-06,2099.72998046875
1638,2016-07-07,2097.89990234375
1639,2016-07-08,2129.89990234375
1640,2016-07-11,2137.159912109375
1641,2016-07-12,2152.139892578125
1642,2016-07-13,2152.429931640625
1643,2016-07-14,2163.75
1644,2016-07-15,2161.739990234375
1645,2016-07-18,2166.889892578125
1646,2016-07-19,2163.780029296875
1647,2016-07-20,2173.02001953125
1648,2016-07-21,2165.169921875
1649,2016-07-22,2175.030029296875
1650,2016-07-25,2168.47998046875
1651,2016-07-26,2169.179931640625
1652,2016-07-27,2166.580078125
1653,2016-07-28,2170.06005859375
1654,2016-07-29,2173.60009765625
1655,2016-08-01,2170.840087890625
1656,2016-08-02,2157.030029296875
1657,2016-08-03,2163.7900390625
1658,2016-08-04,2164.25
1659,2016-08-05,2182.8701171875
1660,2016-08-08,2180.889892578125
1661,2016-08-09,2181.739990234375
1662,2016-08-10,2175.489990234375
1663,2016-08-11,2185.7900390625
1664,2016-08-12,2184.050048828125
1665,2016-08-15,2190.14990234375
1666,2016-08-16,2178.14990234375
1667,2016-08-17,2182.219970703125
1668,2016-08-18,2187.02001953125
1669,2016-08-19,2183.8701171875
1670,2016-08-22,2182.639892578125
1671,2016-08-23,2186.89990234375
1672,2016-08-24,2175.43994140625
1673,2016-08-25,2172.469970703125
1674,2016-08-26,2169.0400390625
1675,2016-08-29,2180.3798828125
1676,2016-08-30,2176.1201171875
1677,2016-08-31,2170.949951171875
1678,2016-09-01,2170.860107421875
1679,2016-09-02,2179.97998046875
1680,2016-09-06,2186.47998046875
1681,2016-09-07,2186.159912109375
1682,2016-09-08,2181.300048828125
1683,2016-09-09,2127.81005859375
1684,2016-09-12,2159.0400390625
1685,2016-09-13,2127.02001953125
1686,2016-09-14,2125.77001953125
1687,2016-09-15,2147.260009765625
1688,2016-09-16,2139.159912109375
1689,2016-09-19,2139.1201171875
1690,2016-09-20,2139.760009765625
1691,2016-09-21,2163.1201171875
1692,2016-09-22,2177.179931640625
1693,2016-09-23,2164.68994140625
1694,2016-09-26,2146.10009765625
1695,2016-09-27,2159.929931640625
1696,2016-09-28,2171.3701171875
1697,2016-09-29,2151.1298828125
1698,2016-09-30,2168.27001953125
1699,2016-10-03,2161.199951171875
1700,2016-10-04,2150.489990234375
1701,2016-10-05,2159.72998046875
1702,2016-10-06,2160.77001953125
1703,2016-10-07,2153.739990234375
1704,2016-10-10,2163.659912109375
1705,2016-10-11,2136.72998046875
1706,2016-10-12,2139.179931640625
1707,2016-10-13,2132.550048828125
1708,2016-10-14,2132.97998046875
1709,2016-10-17,2126.5
1710,2016-10-18,2139.60009765625
1711,2016-10-19,2144.2900390625
1712,2016-10-20,2141.340087890625
1713,2016-10-21,2141.159912109375
1714,2016-10-24,2151.330078125
1715,2016-10-25,2143.159912109375
1716,2016-10-26,2139.429931640625
1717,2016-10-27,2133.0400390625
1718,2016-10-28,2126.409912109375
1719,2016-10-31,2126.14990234375
1720,2016-11-01,2111.719970703125
1721,2016-11-02,2097.93994140625
1722,2016-11-03,2088.659912109375
1723,2016-11-04,2085.179931640625
1724,2016-11-07,2131.52001953125
1725,2016-11-08,2139.56005859375
1726,2016-11-09,2163.260009765625
1727,2016-11-10,2167.47998046875
1728,2016-11-11,2164.449951171875
1729,2016-11-14,2164.199951171875
1730,2016-11-15,2180.389892578125
1731,2016-11-16,2176.93994140625
1732,2016-11-17,2187.1201171875
1733,2016-11-18,2181.89990234375
1734,2016-11-21,2198.179931640625
1735,2016-11-22,2202.93994140625
1736,2016-11-23,2204.719970703125
1737,2016-11-25,2213.35009765625
1738,2016-11-28,2201.719970703125
1739,2016-11-29,2204.659912109375
1740,2016-11-30,2198.81005859375
1741,2016-12-01,2191.080078125
1742,2016-12-02,2191.949951171875
1743,2016-12-05,2204.7099609375
1744,2016-12-06,2212.22998046875
1745,2016-12-07,2241.35009765625
1746,2016-12-08,2246.18994140625
1747,2016-12-09,2259.530029296875
1748,2016-12-12,2256.9599609375
1749,2016-12-13,2271.719970703125
1750,2016-12-14,2253.280029296875
1751,2016-12-15,2262.030029296875
1752,2016-12-16,2258.070068359375
1753,2016-12-19,2262.530029296875
1754,2016-12-20,2270.760009765625
1755,2016-12-21,2265.179931640625
1756,2016-12-22,2260.9599609375
1757,2016-12-23,2263.7900390625
1758,2016-12-27,2268.8798828125
1759,2016-12-28,2249.919921875
1760,2016-12-29,2249.260009765625
1761,2016-12-30,2238.830078125
1762,2017-01-03,2257.830078125
1763,2017-01-04,2270.75
1764,2017-01-05,2269.0
1765,2017-01-06,2276.97998046875
1766,2017-01-09,2268.89990234375
1767,2017-01-10,2268.89990234375
1768,2017-01-11,2275.320068359375
1769,2017-01-12,2270.43994140625
1770,2017-01-13,2274.639892578125
1771,2017-01-17,2267.889892578125
1772,2017-01-18,2271.889892578125
1773,2017-01-19,2263.68994140625
1774,2017-01-20,2271.31005859375
1775,2017-01-23,2265.199951171875
1776,2017-01-24,2280.070068359375
1777,2017-01-25,2298.3701171875
1778,2017-01-26,2296.679931640625
1779,2017-01-27,2294.68994140625
1780,2017-01-30,2280.89990234375
1781,2017-01-31,2278.8701171875
1782,2017-02-01,2279.550048828125
1783,2017-02-02,2280.85009765625
1784,2017-02-03,2297.419921875
1785,2017-02-06,2292.56005859375
1786,2017-02-07,2293.080078125
1787,2017-02-08,2294.669921875
1788,2017-02-09,2307.8701171875
1789,2017-02-10,2316.10009765625
1790,2017-02-13,2328.25
1791,2017-02-14,2337.580078125
1792,2017-02-15,2349.25
1793,2017-02-16,2347.219970703125
1794,2017-02-17,2351.159912109375
1795,2017-02-21,2365.3798828125
1796,2017-02-22,2362.820068359375
1797,2017-02-23,2363.81005859375
1798,2017-02-24,2367.340087890625
1799,2017-02-27,2369.75
1800,2017-02-28,2363.639892578125
1801,2017-03-01,2395.9599609375
1802,2017-03-02,2381.919921875
1803,2017-03-03,2383.1201171875
1804,2017-03-06,2375.31005859375
1805,2017-03-07,2368.389892578125
1806,2017-03-08,2362.97998046875
1807,2017-03-09,2364.8701171875
1808,2017-03-10,2372.60009765625
1809,2017-03-13,2373.469970703125
1810,2017-03-14,2365.449951171875
1811,2017-03-15,2385.260009765625
1812,2017-03-16,2381.3798828125
1813,2017-03-17,2378.25
1814,2017-03-20,2373.469970703125
1815,2017-03-21,2344.02001953125
1816,2017-03-22,2348.449951171875
1817,2017-03-23,2345.9599609375
1818,2017-03-24,2343.97998046875
1819,2017-03-27,2341.590087890625
1820,2017-03-28,2358.570068359375
1821,2017-03-29,2361.1298828125
1822,2017-03-30,2368.06005859375
1823,2017-03-31,2362.719970703125
1824,2017-04-03,2358.840087890625
1825,2017-04-04,2360.159912109375
1826,2017-04-05,2352.949951171875
1827,2017-04-06,2357.489990234375
1828,2017-04-07,2355.5400390625
1829,2017-04-10,2357.159912109375
1830,2017-04-11,2353.780029296875
1831,2017-04-12,2344.929931640625
1832,2017-04-13,2328.949951171875
1833,2017-04-17,2349.010009765625
1834,2017-04-18,2342.18994140625
1835,2017-04-19,2338.169921875
1836,2017-04-20,2355.840087890625
1837,2017-04-21,2348.68994140625
1838,2017-04-24,2374.14990234375
1839,2017-04-25,2388.610107421875
1840,2017-04-26,2387.449951171875
1841,2017-04-27,2388.77001953125
1842,2017-04-28,2384.199951171875
1843,2017-05-01,2388.330078125
1844,2017-05-02,2391.169921875
1845,2017-05-03,2388.1298828125
1846,2017-05-04,2389.52001953125
1847,2017-05-05,2399.2900390625
1848,2017-05-08,2399.3798828125
1849,2017-05-09,2396.919921875
1850,2017-05-10,2399.6298828125
1851,2017-05-11,2394.43994140625
1852,2017-05-12,2390.89990234375
1853,2017-05-15,2402.320068359375
1854,2017-05-16,2400.669921875
1855,2017-05-17,2357.030029296875
1856,2017-05-18,2365.719970703125
1857,2017-05-19,2381.72998046875
1858,2017-05-22,2394.02001953125
1859,2017-05-23,2398.419921875
1860,2017-05-24,2404.389892578125
1861,2017-05-25,2415.070068359375
1862,2017-05-26,2415.820068359375
1863,2017-05-30,2412.909912109375
1864,2017-05-31,2411.800048828125
1865,2017-06-01,2430.06005859375
1866,2017-06-02,2439.070068359375
1867,2017-06-05,2436.10009765625
1868,2017-06-06,2429.330078125
1869,2017-06-07,2433.139892578125
1870,2017-06-08,2433.7900390625
1871,2017-06-09,2431.77001953125
1872,2017-06-12,2429.389892578125
1873,2017-06-13,2440.35009765625
1874,2017-06-14,2437.919921875
1875,2017-06-15,2432.4599609375
1876,2017-06-16,2433.14990234375
1877,2017-06-19,2453.4599609375
1878,2017-06-20,2437.030029296875
1879,2017-06-21,2435.610107421875
1880,2017-06-22,2434.5
1881,2017-06-23,2438.300048828125
1882,2017-06-26,2439.070068359375
1883,2017-06-27,2419.3798828125
1884,2017-06-28,2440.68994140625
1885,2017-06-29,2419.699951171875
1886,2017-06-30,2423.409912109375
1887,2017-07-03,2429.010009765625
1888,2017-07-05,2432.5400390625
1889,2017-07-06,2409.75
1890,2017-07-07,2425.179931640625
1891,2017-07-10,2427.429931640625
1892,2017-07-11,2425.530029296875
1893,2017-07-12,2443.25
1894,2017-07-13,2447.830078125
1895,2017-07-14,2459.27001953125
1896,2017-07-17,2459.139892578125
1897,2017-07-18,2460.610107421875
1898,2017-07-19,2473.830078125
1899,2017-07-20,2473.449951171875
1900,2017-07-21,2472.5400390625
1901,2017-07-24,2469.909912109375
1902,2017-07-25,2477.1298828125
1903,2017-07-26,2477.830078125
1904,2017-07-27,2475.419921875
1905,2017-07-28,2472.10009765625
1906,2017-07-31,2470.300048828125
1907,2017-08-01,2476.35009765625
1908,2017-08-02,2477.570068359375
1909,2017-08-03,2472.159912109375
1910,2017-08-04,2476.830078125
1911,2017-08-07,2480.909912109375
1912,2017-08-08,2474.919921875
1913,2017-08-09,2474.02001953125
1914,2017-08-10,2438.2099609375
1915,2017-08-11,2441.320068359375
1916,2017-08-14,2465.840087890625
1917,2017-08-15,2464.610107421875
1918,2017-08-16,2468.110107421875
1919,2017-08-17,2430.010009765625
1920,2017-08-18,2425.550048828125
1921,2017-08-21,2428.3701171875
1922,2017-08-22,2452.510009765625
1923,2017-08-23,2444.0400390625
1924,2017-08-24,2438.969970703125
1925,2017-08-25,2443.050048828125
1926,2017-08-28,2444.239990234375
1927,2017-08-29,2446.300048828125
1928,2017-08-30,2457.590087890625
1929,2017-08-31,2471.64990234375
1930,2017-09-01,2476.550048828125
1931,2017-09-05,2457.85009765625
1932,2017-09-06,2465.5400390625
1933,2017-09-07,2465.10009765625
1934,2017-09-08,2461.429931640625
1935,2017-09-11,2488.110107421875
1936,2017-09-12,2496.47998046875
1937,2017-09-13,2498.3701171875
1938,2017-09-14,2495.6201171875
1939,2017-09-15,2500.22998046875
1940,2017-09-18,2503.8701171875
1941,2017-09-19,2506.64990234375
1942,2017-09-20,2508.239990234375
1943,2017-09-21,2500.60009765625
1944,2017-09-22,2502.219970703125
1945,2017-09-25,2496.659912109375
1946,2017-09-26,2496.840087890625
1947,2017-09-27,2507.0400390625
1948,2017-09-28,2510.06005859375
1949,2017-09-29,2519.360107421875
1950,2017-10-02,2529.1201171875
1951,2017-10-03,2534.580078125
1952,2017-10-04,2537.739990234375
1953,2017-10-05,2552.070068359375
1954,2017-10-06,2549.330078125
1955,2017-10-09,2544.72998046875
1956,2017-10-10,2550.639892578125
1957,2017-10-11,2555.239990234375
1958,2017-10-12,2550.929931640625
1959,2017-10-13,2553.169921875
1960,2017-10-16,2557.639892578125
1961,2017-10-17,2559.360107421875
1962,2017-10-18,2561.260009765625
1963,2017-10-19,2562.10009765625
1964,2017-10-20,2575.2099609375
1965,2017-10-23,2564.97998046875
1966,2017-10-24,2569.1298828125
1967,2017-10-25,2557.14990234375
1968,2017-10-26,2560.39990234375
1969,2017-10-27,2581.070068359375
1970,2017-10-30,2572.830078125
1971,2017-10-31,2575.260009765625
1972,2017-11-01,2579.360107421875
1973,2017-11-02,2579.85009765625
1974,2017-11-03,2587.840087890625
1975,2017-11-06,2591.1298828125
1976,2017-11-07,2590.639892578125
1977,2017-11-08,2594.3798828125
1978,2017-11-09,2584.6201171875
1979,2017-11-10,2582.300048828125
1980,2017-11-13,2584.840087890625
1981,2017-11-14,2578.8701171875
1982,2017-11-15,2564.6201171875
1983,2017-11-16,2585.639892578125
1984,2017-11-17,2578.85009765625
1985,2017-11-20,2582.139892578125
1986,2017-11-21,2599.030029296875
1987,2017-11-22,2597.080078125
1988,2017-11-24,2602.419921875
1989,2017-11-27,2601.419921875
1990,2017-11-28,2627.0400390625
1991,2017-11-29,2626.070068359375
1992,2017-11-30,2647.580078125
1993,2017-12-01,2642.219970703125
1994,2017-12-04,2639.43994140625
1995,2017-12-05,2629.570068359375
1996,2017-12-06,2629.27001953125
1997,2017-12-07,2636.97998046875
1998,2017-12-08,2651.5
1999,2017-12-11,2659.989990234375
2000,2017-12-12,2664.110107421875
2001,2017-12-13,2662.85009765625
2002,2017-12-14,2652.010009765625
2003,2017-12-15,2675.81005859375
2004,2017-12-18,2690.159912109375
2005,2017-12-19,2681.469970703125
2006,2017-12-20,2679.25
2007,2017-12-21,2684.570068359375
2008,2017-12-22,2683.340087890625
2009,2017-12-26,2680.5
2010,2017-12-27,2682.6201171875
2011,2017-12-28,2687.5400390625
2012,2017-12-29,2673.610107421875
2013,2018-01-02,2695.81005859375
2014,2018-01-03,2713.06005859375
2015,2018-01-04,2723.989990234375
2016,2018-01-05,2743.14990234375
2017,2018-01-08,2747.7099609375
2018,2018-01-09,2751.2900390625
2019,2018-01-10,2748.22998046875
2020,2018-01-11,2767.56005859375
2021,2018-01-12,2786.239990234375
2022,2018-01-16,2776.419921875
2023,2018-01-17,2802.56005859375
2024,2018-01-18,2798.030029296875
2025,2018-01-19,2810.300048828125
2026,2018-01-22,2832.969970703125
2027,2018-01-23,2839.1298828125
2028,2018-01-24,2837.5400390625
2029,2018-01-25,2839.25
2030,2018-01-26,2872.8701171875
2031,2018-01-29,2853.530029296875
2032,2018-01-30,2822.429931640625
2033,2018-01-31,2823.81005859375
2034,2018-02-01,2821.97998046875
2035,2018-02-02,2762.1298828125
2036,2018-02-05,2648.93994140625
2037,2018-02-06,2695.139892578125
2038,2018-02-07,2681.659912109375
2039,2018-02-08,2581.0
2040,2018-02-09,2619.550048828125
2041,2018-02-12,2656.0
2042,2018-02-13,2662.93994140625
2043,2018-02-14,2698.6298828125
2044,2018-02-15,2731.199951171875
2045,2018-02-16,2732.219970703125
2046,2018-02-20,2716.260009765625
2047,2018-02-21,2701.330078125
2048,2018-02-22,2703.9599609375
2049,2018-02-23,2747.300048828125
2050,2018-02-26,2779.60009765625
2051,2018-02-27,2744.280029296875
2052,2018-02-28,2713.830078125
2053,2018-03-01,2677.669921875
2054,2018-03-02,2691.25
2055,2018-03-05,2720.93994140625
2056,2018-03-06,2728.1201171875
2057,2018-03-07,2726.800048828125
2058,2018-03-08,2738.969970703125
2059,2018-03-09,2786.570068359375
2060,2018-03-12,2783.02001953125
2061,2018-03-13,2765.31005859375
2062,2018-03-14,2749.47998046875
2063,2018-03-15,2747.330078125
2064,2018-03-16,2752.010009765625
2065,2018-03-19,2712.919921875
2066,2018-03-20,2716.93994140625
2067,2018-03-21,2711.929931640625
2068,2018-03-22,2643.68994140625
2069,2018-03-23,2588.260009765625
2070,2018-03-26,2658.550048828125
2071,2018-03-27,2612.6201171875
2072,2018-03-28,2605.0
2073,2018-03-29,2640.8701171875
2074,2018-04-02,2581.8798828125
2075,2018-04-03,2614.449951171875
2076,2018-04-04,2644.68994140625
2077,2018-04-05,2662.840087890625
2078,2018-04-06,2604.469970703125
2079,2018-04-09,2613.159912109375
2080,2018-04-10,2656.8701171875
2081,2018-04-11,2642.18994140625
2082,2018-04-12,2663.989990234375
2083,2018-04-13,2656.300048828125
2084,2018-04-16,2677.840087890625
2085,2018-04-17,2706.389892578125
2086,2018-04-18,2708.639892578125
2087,2018-04-19,2693.1298828125
2088,2018-04-20,2670.139892578125
2089,2018-04-23,2670.2900390625
2090,2018-04-24,2634.56005859375
2091,2018-04-25,2639.39990234375
2092,2018-04-26,2666.93994140625
2093,2018-04-27,2669.909912109375
2094,2018-04-30,2648.050048828125
2095,2018-05-01,2654.800048828125
2096,2018-05-02,2635.669921875
2097,2018-05-03,2629.72998046875
2098,2018-05-04,2663.419921875
2099,2018-05-07,2672.6298828125
2100,2018-05-08,2671.919921875
2101,2018-05-09,2697.7900390625
2102,2018-05-10,2723.070068359375
2103,2018-05-11,2727.719970703125
2104,2018-05-14,2730.1298828125
2105,2018-05-15,2711.449951171875
2106,2018-05-16,2722.4599609375
2107,2018-05-17,2720.1298828125
2108,2018-05-18,2712.969970703125
2109,2018-05-21,2733.010009765625
2110,2018-05-22,2724.43994140625
2111,2018-05-23,2733.2900390625
2112,2018-05-24,2727.760009765625
2113,2018-05-25,2721.330078125
2114,2018-05-29,2689.860107421875
2115,2018-05-30,2724.010009765625
2116,2018-05-31,2705.27001953125
2117,2018-06-01,2734.6201171875
2118,2018-06-04,2746.8701171875
2119,2018-06-05,2748.800048828125
2120,2018-06-06,2772.35009765625
2121,2018-06-07,2770.3701171875
2122,2018-06-08,2779.030029296875
2123,2018-06-11,2782.0
2124,2018-06-12,2786.85009765625
2125,2018-06-13,2775.6298828125
2126,2018-06-14,2782.489990234375
2127,2018-06-15,2779.659912109375
2128,2018-06-18,2773.75
2129,2018-06-19,2762.590087890625
2130,2018-06-20,2767.320068359375
2131,2018-06-21,2749.760009765625
2132,2018-06-22,2754.8798828125
2133,2018-06-25,2717.070068359375
2134,2018-06-26,2723.06005859375
2135,2018-06-27,2699.6298828125
2136,2018-06-28,2716.31005859375
2137,2018-06-29,2718.3701171875
2138,2018-07-02,2726.7099609375
2139,2018-07-03,2713.219970703125
2140,2018-07-05,2736.610107421875
2141,2018-07-06,2759.820068359375
2142,2018-07-09,2784.169921875
2143,2018-07-10,2793.840087890625
2144,2018-07-11,2774.02001953125
2145,2018-07-12,2798.2900390625
2146,2018-07-13,2801.31005859375
2147,2018-07-16,2798.429931640625
2148,2018-07-17,2809.550048828125
2149,2018-07-18,2815.6201171875
2150,2018-07-19,2804.489990234375
2151,2018-07-20,2801.830078125
2152,2018-07-23,2806.97998046875
2153,2018-07-24,2820.39990234375
2154,2018-07-25,2846.070068359375
2155,2018-07-26,2837.43994140625
2156,2018-07-27,2818.820068359375
2157,2018-07-30,2802.60009765625
2158,2018-07-31,2816.2900390625
2159,2018-08-01,2813.360107421875
2160,2018-08-02,2827.219970703125
2161,2018-08-03,2840.35009765625
2162,2018-08-06,2850.39990234375
2163,2018-08-07,2858.449951171875
2164,2018-08-08,2857.699951171875
2165,2018-08-09,2853.580078125
2166,2018-08-10,2833.280029296875
2167,2018-08-13,2821.929931640625
2168,2018-08-14,2839.9599609375
2169,2018-08-15,2818.3701171875
2170,2018-08-16,2840.68994140625
2171,2018-08-17,2850.1298828125
2172,2018-08-20,2857.050048828125
2173,2018-08-21,2862.9599609375
2174,2018-08-22,2861.820068359375
2175,2018-08-23,2856.97998046875
2176,2018-08-24,2874.68994140625
2177,2018-08-27,2896.739990234375
2178,2018-08-28,2897.52001953125
2179,2018-08-29,2914.0400390625
2180,2018-08-30,2901.1298828125
2181,2018-08-31,2901.52001953125
2182,2018-09-04,2896.719970703125
2183,2018-09-05,2888.60009765625
2184,2018-09-06,2878.050048828125
2185,2018-09-07,2871.679931640625
2186,2018-09-10,2877.1298828125
2187,2018-09-11,2887.889892578125
2188,2018-09-12,2888.919921875
2189,2018-09-13,2904.179931640625
2190,2018-09-14,2904.97998046875
2191,2018-09-17,2888.800048828125
2192,2018-09-18,2904.31005859375
2193,2018-09-19,2907.949951171875
2194,2018-09-20,2930.75
2195,2018-09-21,2929.669921875
2196,2018-09-24,2919.3701171875
2197,2018-09-25,2915.56005859375
2198,2018-09-26,2905.969970703125
2199,2018-09-27,2914.0
2200,2018-09-28,2913.97998046875
2201,2018-10-01,2924.590087890625
2202,2018-10-02,2923.429931640625
2203,2018-10-03,2925.510009765625
2204,2018-10-04,2901.610107421875
2205,2018-10-05,2885.570068359375
2206,2018-10-08,2884.429931640625
2207,2018-10-09,2880.340087890625
2208,2018-10-10,2785.679931640625
2209,2018-10-11,2728.3701171875
2210,2018-10-12,2767.1298828125
2211,2018-10-15,2750.7900390625
2212,2018-10-16,2809.919921875
2213,2018-10-17,2809.2099609375
2214,2018-10-18,2768.780029296875
2215,2018-10-19,2767.780029296875
2216,2018-10-22,2755.8798828125
2217,2018-10-23,2740.68994140625
2218,2018-10-24,2656.10009765625
2219,2018-10-25,2705.570068359375
2220,2018-10-26,2658.68994140625
2221,2018-10-29,2641.25
2222,2018-10-30,2682.6298828125
2223,2018-10-31,2711.739990234375
2224,2018-11-01,2740.3701171875
2225,2018-11-02,2723.06005859375
2226,2018-11-05,2738.31005859375
2227,2018-11-06,2755.449951171875
2228,2018-11-07,2813.889892578125
2229,2018-11-08,2806.830078125
2230,2018-11-09,2781.010009765625
2231,2018-11-12,2726.219970703125
2232,2018-11-13,2722.179931640625
2233,2018-11-14,2701.580078125
2234,2018-11-15,2730.199951171875
2235,2018-11-16,2736.27001953125
2236,2018-11-19,2690.72998046875
2237,2018-11-20,2641.889892578125
2238,2018-11-21,2649.929931640625
2239,2018-11-23,2632.56005859375
2240,2018-11-26,2673.449951171875
2241,2018-11-27,2682.169921875
2242,2018-11-28,2743.7900390625
2243,2018-11-29,2737.800048828125
2244,2018-11-30,2760.169921875
2245,2018-12-03,2790.3701171875
2246,2018-12-04,2700.06005859375
2247,2018-12-06,2695.949951171875
2248,2018-12-07,2633.080078125
2249,2018-12-10,2637.719970703125
2250,2018-12-11,2636.780029296875
2251,2018-12-12,2651.070068359375
2252,2018-12-13,2650.5400390625
2253,2018-12-14,2599.949951171875
2254,2018-12-17,2545.93994140625
2255,2018-12-18,2546.159912109375
2256,2018-12-19,2506.9599609375
2257,2018-12-20,2467.419921875
2258,2018-12-21,2416.6201171875
2259,2018-12-24,2351.10009765625
2260,2018-12-26,2467.699951171875
2261,2018-12-27,2488.830078125
2262,2018-12-28,2485.739990234375
2263,2018-12-31,2506.85009765625
2264,2019-01-02,2510.030029296875
2265,2019-01-03,2447.889892578125
2266,2019-01-04,2531.93994140625
2267,2019-01-07,2549.68994140625
2268,2019-01-08,2574.409912109375
2269,2019-01-09,2584.9599609375
2270,2019-01-10,2596.639892578125
2271,2019-01-11,2596.260009765625
2272,2019-01-14,2582.610107421875
2273,2019-01-15,2610.300048828125
2274,2019-01-16,2616.10009765625
2275,2019-01-17,2635.9599609375
2276,2019-01-18,2670.7099609375
2277,2019-01-22,2632.89990234375
2278,2019-01-23,2638.699951171875
2279,2019-01-24,2642.330078125
2280,2019-01-25,2664.760009765625
2281,2019-01-28,2643.85009765625
2282,2019-01-29,2640.0
2283,2019-01-30,2681.050048828125
2284,2019-01-31,2704.10009765625
2285,2019-02-01,2706.530029296875
2286,2019-02-04,2724.8701171875
2287,2019-02-05,2737.699951171875
2288,2019-02-06,2731.610107421875
2289,2019-02-07,2706.050048828125
2290,2019-02-08,2707.8798828125
2291,2019-02-11,2709.800048828125
2292,2019-02-12,2744.72998046875
2293,2019-02-13,2753.030029296875
2294,2019-02-14,2745.72998046875
2295,2019-02-15,2775.60009765625
2296,2019-02-19,2779.760009765625
2297,2019-02-20,2784.699951171875
2298,2019-02-21,2774.8798828125
2299,2019-02-22,2792.669921875
2300,2019-02-25,2796.110107421875
2301,2019-02-26,2793.89990234375
2302,2019-02-27,2792.3798828125
2303,2019-02-28,2784.489990234375
2304,2019-03-01,2803.68994140625
2305,2019-03-04,2792.81005859375
2306,2019-03-05,2789.64990234375
2307,2019-03-06,2771.449951171875
2308,2019-03-07,2748.929931640625
2309,2019-03-08,2743.070068359375
2310,2019-03-11,2783.300048828125
2311,2019-03-12,2791.52001953125
2312,2019-03-13,2810.919921875
2313,2019-03-14,2808.47998046875
2314,2019-03-15,2822.47998046875
2315,2019-03-18,2832.93994140625
2316,2019-03-19,2832.570068359375
2317,2019-03-20,2824.22998046875
2318,2019-03-21,2854.8798828125
2319,2019-03-22,2800.7099609375
2320,2019-03-25,2798.360107421875
2321,2019-03-26,2818.4599609375
2322,2019-03-27,2805.3701171875
2323,2019-03-28,2815.43994140625
2324,2019-03-29,2834.39990234375
2325,2019-04-01,2867.18994140625
2326,2019-04-02,2867.239990234375
2327,2019-04-03,2873.39990234375
2328,2019-04-04,2879.389892578125
2329,2019-04-05,2892.739990234375
2330,2019-04-08,2895.77001953125
2331,2019-04-09,2878.199951171875
2332,2019-04-10,2888.2099609375
2333,2019-04-11,2888.320068359375
2334,2019-04-12,2907.409912109375
2335,2019-04-15,2905.580078125
2336,2019-04-16,2907.06005859375
2337,2019-04-17,2900.449951171875
2338,2019-04-18,2905.030029296875
2339,2019-04-22,2907.969970703125
2340,2019-04-23,2933.679931640625
2341,2019-04-24,2927.25
2342,2019-04-25,2926.169921875
2343,2019-04-26,2939.8798828125
2344,2019-04-29,2943.030029296875
2345,2019-04-30,2945.830078125
2346,2019-05-01,2923.72998046875
2347,2019-05-02,2917.52001953125
2348,2019-05-03,2945.639892578125
2349,2019-05-06,2932.469970703125
2350,2019-05-07,2884.050048828125
2351,2019-05-08,2879.419921875
2352,2019-05-09,2870.719970703125
2353,2019-05-10,2881.39990234375
2354,2019-05-13,2811.8701171875
2355,2019-05-14,2834.409912109375
2356,2019-05-15,2850.9599609375
2357,2019-05-16,2876.320068359375
2358,2019-05-17,2859.530029296875
2359,2019-05-20,2840.22998046875
2360,2019-05-21,2864.360107421875
2361,2019-05-22,2856.27001953125
2362,2019-05-23,2822.239990234375
2363,2019-05-24,2826.06005859375
2364,2019-05-28,2802.389892578125
2365,2019-05-29,2783.02001953125
2366,2019-05-30,2788.860107421875
2367,2019-05-31,2752.06005859375
2368,2019-06-03,2744.449951171875
2369,2019-06-04,2803.27001953125
2370,2019-06-05,2826.14990234375
2371,2019-06-06,2843.489990234375
2372,2019-06-07,2873.340087890625
2373,2019-06-10,2886.72998046875
2374,2019-06-11,2885.719970703125
2375,2019-06-12,2879.840087890625
2376,2019-06-13,2891.639892578125
2377,2019-06-14,2886.97998046875
2378,2019-06-17,2889.669921875
2379,2019-06-18,2917.75
2380,2019-06-19,2926.4599609375
2381,2019-06-20,2954.179931640625
2382,2019-06-21,2950.4599609375
2383,2019-06-24,2945.35009765625
2384,2019-06-25,2917.3798828125
2385,2019-06-26,2913.780029296875
2386,2019-06-27,2924.919921875
2387,2019-06-28,2941.760009765625
2388,2019-07-01,2964.330078125
2389,2019-07-02,2973.010009765625
2390,2019-07-03,2995.820068359375
2391,2019-07-05,2990.409912109375
2392,2019-07-08,2975.949951171875
2393,2019-07-09,2979.6298828125
2394,2019-07-10,2993.070068359375
2395,2019-07-11,2999.909912109375
2396,2019-07-12,3013.77001953125
2397,2019-07-15,3014.300048828125
2398,2019-07-16,3004.0400390625
2399,2019-07-17,2984.419921875
2400,2019-07-18,2995.110107421875
2401,2019-07-19,2976.610107421875
2402,2019-07-22,2985.030029296875
2403,2019-07-23,3005.469970703125
2404,2019-07-24,3019.56005859375
2405,2019-07-25,3003.669921875
2406,2019-07-26,3025.860107421875
2407,2019-07-29,3020.969970703125
2408,2019-07-30,3013.179931640625
2409,2019-07-31,2980.3798828125
2410,2019-08-01,2953.56005859375
2411,2019-08-02,2932.050048828125
2412,2019-08-05,2844.739990234375
2413,2019-08-06,2881.77001953125
2414,2019-08-07,2883.97998046875
2415,2019-08-08,2938.090087890625
2416,2019-08-09,2918.64990234375
2417,2019-08-12,2882.699951171875
2418,2019-08-13,2926.320068359375
2419,2019-08-14,2840.60009765625
2420,2019-08-15,2847.60009765625
2421,2019-08-16,2888.679931640625
2422,2019-08-19,2923.64990234375
2423,2019-08-20,2900.510009765625
2424,2019-08-21,2924.429931640625
2425,2019-08-22,2922.949951171875
2426,2019-08-23,2847.110107421875
2427,2019-08-26,2878.3798828125
2428,2019-08-27,2869.159912109375
2429,2019-08-28,2887.93994140625
2430,2019-08-29,2924.580078125
2431,2019-08-30,2926.4599609375
2432,2019-09-03,2906.27001953125
2433,2019-09-04,2937.780029296875
2434,2019-09-05,2976.0
2435,2019-09-06,2978.7099609375
2436,2019-09-09,2978.429931640625
2437,2019-09-10,2979.389892578125
2438,2019-09-11,3000.929931640625
2439,2019-09-12,3009.570068359375
2440,2019-09-13,3007.389892578125
2441,2019-09-16,2997.9599609375
2442,2019-09-17,3005.699951171875
2443,2019-09-18,3006.72998046875
2444,2019-09-19,3006.7900390625
2445,2019-09-20,2992.070068359375
2446,2019-09-23,2991.780029296875
2447,2019-09-24,2966.60009765625
2448,2019-09-25,2984.8701171875
2449,2019-09-26,2977.6201171875
2450,2019-09-27,2961.7900390625
2451,2019-09-30,2976.739990234375
2452,2019-10-01,2940.25
2453,2019-10-02,2887.610107421875
2454,2019-10-03,2910.6298828125
2455,2019-10-04,2952.010009765625
2456,2019-10-07,2938.7900390625
2457,2019-10-08,2893.06005859375
2458,2019-10-09,2919.39990234375
2459,2019-10-10,2938.1298828125
2460,2019-10-11,2970.27001953125
2461,2019-10-14,2966.14990234375
2462,2019-10-15,2995.679931640625
2463,2019-10-16,2989.68994140625
2464,2019-10-17,2997.949951171875
2465,2019-10-18,2986.199951171875
2466,2019-10-21,3006.719970703125
2467,2019-10-22,2995.989990234375
2468,2019-10-23,3004.52001953125
2469,2019-10-24,3010.2900390625
2470,2019-10-25,3022.550048828125
2471,2019-10-28,3039.419921875
2472,2019-10-29,3036.889892578125
2473,2019-10-30,3046.77001953125
2474,2019-10-31,3037.56005859375
2475,2019-11-01,3066.909912109375
2476,2019-11-04,3078.27001953125
2477,2019-11-05,3074.6201171875
2478,2019-11-06,3076.780029296875
2479,2019-11-07,3085.179931640625
2480,2019-11-08,3093.080078125
2481,2019-11-11,3087.010009765625
2482,2019-11-12,3091.840087890625
2483,2019-11-13,3094.0400390625
2484,2019-11-14,3096.6298828125
2485,2019-11-15,3120.4599609375
2486,2019-11-18,3122.030029296875
2487,2019-11-19,3120.179931640625
2488,2019-11-20,3108.4599609375
2489,2019-11-21,3103.5400390625
2490,2019-11-22,3110.2900390625
2491,2019-11-25,3133.639892578125
2492,2019-11-26,3140.52001953125
2493,2019-11-27,3153.6298828125
2494,2019-11-29,3140.97998046875
2495,2019-12-02,3113.8701171875
2496,2019-12-03,3093.199951171875
2497,2019-12-04,3112.760009765625
2498,2019-12-05,3117.429931640625
2499,2019-12-06,3145.909912109375
2500,2019-12-09,3135.9599609375
2501,2019-12-10,3132.52001953125
2502,2019-12-11,3141.6298828125
2503,2019-12-12,3168.570068359375
2504,2019-12-13,3168.800048828125
2505,2019-12-16,3191.449951171875
2506,2019-12-17,3192.52001953125
2507,2019-12-18,3191.139892578125
2508,2019-12-19,3205.3701171875
2509,2019-12-20,3221.219970703125
2510,2019-12-23,3224.010009765625
2511,2019-12-24,3223.3798828125
2512,2019-12-26,3239.909912109375
2513,2019-12-27,3240.02001953125
2514,2019-12-30,3221.2900390625
2515,2019-12-31,3230.780029296875
2516,2020-01-02,3257.85009765625
2517,2020-01-03,3234.85009765625
2518,2020-01-06,3246.280029296875
2519,2020-01-07,3237.179931640625
2520,2020-01-08,3253.050048828125
2521,2020-01-09,3274.699951171875
2522,2020-01-10,3265.35009765625
2523,2020-01-13,3288.1298828125
2524,2020-01-14,3283.14990234375
2525,2020-01-15,3289.2900390625
2526,2020-01-16,3316.81005859375
2527,2020-01-17,3329.6201171875
2528,2020-01-21,3320.7900390625
2529,2020-01-22,3321.75
2530,2020-01-23,3325.5400390625
2531,2020-01-24,3295.469970703125
2532,2020-01-27,3243.6298828125
2533,2020-01-28,3276.239990234375
2534,2020-01-29,3273.39990234375
2535,2020-01-30,3283.659912109375
2536,2020-01-31,3225.52001953125
2537,2020-02-03,3248.919921875
2538,2020-02-04,3297.590087890625
2539,2020-02-05,3334.68994140625
2540,2020-02-06,3345.780029296875
2541,2020-02-07,3327.7099609375
2542,2020-02-10,3352.090087890625
2543,2020-02-11,3357.75
2544,2020-02-12,3379.449951171875
2545,2020-02-13,3373.93994140625
2546,2020-02-14,3380.159912109375
2547,2020-02-18,3370.2900390625
2548,2020-02-19,3386.14990234375
2549,2020-02-20,3373.22998046875
2550,2020-02-21,3337.75
2551,2020-02-24,3225.889892578125
2552,2020-02-25,3128.2099609375
2553,2020-02-26,3116.389892578125
2554,2020-02-27,2978.760009765625
2555,2020-02-28,2954.219970703125
2556,2020-03-02,3090.22998046875
2557,2020-03-03,3003.3701171875
2558,2020-03-04,3130.1201171875
2559,2020-03-05,3023.93994140625
2560,2020-03-06,2972.3701171875
2561,2020-03-09,2746.56005859375
2562,2020-03-10,2882.22998046875
2563,2020-03-11,2741.3798828125
2564,2020-03-12,2480.639892578125
2565,2020-03-13,2711.02001953125
2566,2020-03-16,2386.1298828125
2567,2020-03-17,2529.18994140625
2568,2020-03-18,2398.10009765625
2569,2020-03-19,2409.389892578125
2570,2020-03-20,2304.919921875
2571,2020-03-23,2237.39990234375
2572,2020-03-24,2447.330078125
2573,2020-03-25,2475.56005859375
2574,2020-03-26,2630.070068359375
2575,2020-03-27,2541.469970703125
2576,2020-03-30,2626.64990234375
2577,2020-03-31,2584.590087890625
2578,2020-04-01,2470.5
2579,2020-04-02,2526.89990234375
2580,2020-04-03,2488.64990234375
2581,2020-04-06,2663.679931640625
2582,2020-04-07,2659.409912109375
2583,2020-04-08,2749.97998046875
2584,2020-04-09,2789.820068359375
2585,2020-04-13,2761.6298828125
2586,2020-04-14,2846.06005859375
2587,2020-04-15,2783.360107421875
2588,2020-04-16,2799.550048828125
2589,2020-04-17,2874.56005859375
2590,2020-04-20,2823.159912109375
2591,2020-04-21,2736.56005859375
2592,2020-04-22,2799.31005859375
2593,2020-04-23,2797.800048828125
2594,2020-04-24,2836.739990234375
2595,2020-04-27,2878.47998046875
2596,2020-04-28,2863.389892578125
2597,2020-04-29,2939.510009765625
2598,2020-04-30,2912.429931640625
2599,2020-05-01,2830.7099609375
2600,2020-05-04,2842.739990234375
2601,2020-05-05,2868.43994140625
2602,2020-05-06,2848.419921875
2603,2020-05-07,2881.18994140625
2604,2020-05-08,2929.800048828125
2605,2020-05-11,2930.18994140625
2606,2020-05-12,2870.1201171875
2607,2020-05-13,2820.0
2608,2020-05-14,2852.5
2609,2020-05-15,2863.699951171875
2610,2020-05-18,2953.909912109375
2611,2020-05-19,2922.93994140625
2612,2020-05-20,2971.610107421875
2613,2020-05-21,2948.510009765625
2614,2020-05-22,2955.449951171875
2615,2020-05-26,2991.77001953125
2616,2020-05-27,3036.1298828125
2617,2020-05-28,3029.72998046875
2618,2020-05-29,3044.31005859375
2619,2020-06-01,3055.72998046875
2620,2020-06-02,3080.820068359375
2621,2020-06-03,3122.8701171875
2622,2020-06-04,3112.35009765625
2623,2020-06-05,3193.929931640625
2624,2020-06-08,3232.389892578125
2625,2020-06-09,3207.179931640625
2626,2020-06-10,3190.139892578125
2627,2020-06-11,3002.10009765625
2628,2020-06-12,3041.31005859375
2629,2020-06-15,3066.590087890625
2630,2020-06-16,3124.739990234375
2631,2020-06-17,3113.489990234375
2632,2020-06-18,3115.340087890625
2633,2020-06-19,3097.739990234375
2634,2020-06-22,3117.860107421875
2635,2020-06-23,3131.2900390625
2636,2020-06-24,3050.330078125
2637,2020-06-25,3083.760009765625
2638,2020-06-26,3009.050048828125
2639,2020-06-29,3053.239990234375
2640,2020-06-30,3100.2900390625
2641,2020-07-01,3115.860107421875
2642,2020-07-02,3130.010009765625
2643,2020-07-06,3179.719970703125
2644,2020-07-07,3145.320068359375
2645,2020-07-08,3169.93994140625
2646,2020-07-09,3152.050048828125
2647,2020-07-10,3185.0400390625
2648,2020-07-13,3155.219970703125
2649,2020-07-14,3197.52001953125
2650,2020-07-15,3226.56005859375
2651,2020-07-16,3215.570068359375
2652,2020-07-17,3224.72998046875
2653,2020-07-20,3251.840087890625
2654,2020-07-21,3257.300048828125
2655,2020-07-22,3276.02001953125
2656,2020-07-23,3235.659912109375
2657,2020-07-24,3215.6298828125
2658,2020-07-27,3239.409912109375
2659,2020-07-28,3218.43994140625
2660,2020-07-29,3258.43994140625
2661,2020-07-30,3246.219970703125
2662,2020-07-31,3271.1201171875
2663,2020-08-03,3294.610107421875
2664,2020-08-04,3306.510009765625
2665,2020-08-05,3327.77001953125
2666,2020-08-06,3349.159912109375
2667,2020-08-07,3351.280029296875
2668,2020-08-10,3360.469970703125
2669,2020-08-11,3333.68994140625
2670,2020-08-12,3380.35009765625
2671,2020-08-13,3373.429931640625
2672,2020-08-14,3372.85009765625
2673,2020-08-17,3381.989990234375
2674,2020-08-18,3389.780029296875
2675,2020-08-19,3374.85009765625
2676,2020-08-20,3385.510009765625
2677,2020-08-21,3397.159912109375
2678,2020-08-24,3431.280029296875
2679,2020-08-25,3443.6201171875
2680,2020-08-26,3478.72998046875
2681,2020-08-27,3484.550048828125
2682,2020-08-28,3508.010009765625
2683,2020-08-31,3500.31005859375
2684,2020-09-01,3526.64990234375
2685,2020-09-02,3580.840087890625
2686,2020-09-03,3455.06005859375
2687,2020-09-04,3426.9599609375
2688,2020-09-08,3331.840087890625
2689,2020-09-09,3398.9599609375
2690,2020-09-10,3339.18994140625
2691,2020-09-11,3340.969970703125
2692,2020-09-14,3383.5400390625
2693,2020-09-15,3401.199951171875
2694,2020-09-16,3385.489990234375
2695,2020-09-17,3357.010009765625
2696,2020-09-18,3319.469970703125
2697,2020-09-21,3281.06005859375
2698,2020-09-22,3315.570068359375
2699,2020-09-23,3236.919921875
2700,2020-09-24,3246.590087890625
2701,2020-09-25,3298.4599609375
2702,2020-09-28,3351.60009765625
2703,2020-09-29,3335.469970703125
2704,2020-09-30,3363.0
2705,2020-10-01,3380.800048828125
2706,2020-10-02,3348.419921875
2707,2020-10-05,3408.60009765625
2708,2020-10-06,3360.969970703125
2709,2020-10-07,3419.43994140625
2710,2020-10-08,3446.830078125
2711,2020-10-09,3477.139892578125
2712,2020-10-12,3534.219970703125
2713,2020-10-13,3511.929931640625
2714,2020-10-14,3488.669921875
2715,2020-10-15,3483.340087890625
2716,2020-10-16,3483.81005859375
2717,2020-10-19,3426.919921875
2718,2020-10-20,3443.1201171875
2719,2020-10-21,3435.56005859375
2720,2020-10-22,3453.489990234375
2721,2020-10-23,3465.389892578125
2722,2020-10-26,3400.969970703125
2723,2020-10-27,3390.679931640625
2724,2020-10-28,3271.030029296875
2725,2020-10-29,3310.110107421875
2726,2020-10-30,3269.9599609375
2727,2020-11-02,3310.239990234375
2728,2020-11-03,3369.159912109375
2729,2020-11-04,3443.43994140625
2730,2020-11-05,3510.449951171875
2731,2020-11-06,3509.43994140625
2732,2020-11-09,3550.5
2733,2020-11-10,3545.530029296875
2734,2020-11-11,3572.659912109375
2735,2020-11-12,3537.010009765625
2736,2020-11-13,3585.14990234375
2737,2020-11-16,3626.909912109375
2738,2020-11-17,3609.530029296875
2739,2020-11-18,3567.7900390625
2740,2020-11-19,3581.8701171875
2741,2020-11-20,3557.5400390625
2742,2020-11-23,3577.590087890625
2743,2020-11-24,3635.409912109375
2744,2020-11-25,3629.64990234375
2745,2020-11-27,3638.35009765625
2746,2020-11-30,3621.6298828125
2747,2020-12-01,3662.449951171875
2748,2020-12-02,3669.010009765625
2749,2020-12-03,3666.719970703125
2750,2020-12-04,3699.1201171875
2751,2020-12-07,3691.9599609375
2752,2020-12-08,3702.25
2753,2020-12-09,3672.820068359375
2754,2020-12-10,3668.10009765625
2755,2020-12-11,3663.4599609375
2756,2020-12-14,3647.489990234375
2757,2020-12-15,3694.6201171875
2758,2020-12-16,3701.169921875
2759,2020-12-17,3722.47998046875
2760,2020-12-18,3709.409912109375
2761,2020-12-21,3694.919921875
2762,2020-12-22,3687.260009765625
2763,2020-12-23,3690.010009765625
2764,2020-12-24,3703.06005859375
2765,2020-12-28,3735.360107421875
2766,2020-12-29,3727.0400390625
2767,2020-12-30,3732.0400390625
2768,2020-12-31,3756.070068359375
2769,2021-01-04,3700.64990234375
2770,2021-01-05,3726.860107421875
2771,2021-01-06,3748.139892578125
2772,2021-01-07,3803.7900390625
2773,2021-01-08,3824.679931640625
2774,2021-01-11,3799.610107421875
2775,2021-01-12,3801.18994140625
2776,2021-01-13,3809.840087890625
2777,2021-01-14,3795.5400390625
2778,2021-01-15,3768.25
2779,2021-01-19,3798.909912109375
2780,2021-01-20,3851.85009765625
2781,2021-01-21,3853.070068359375
2782,2021-01-22,3841.469970703125
2783,2021-01-25,3855.360107421875
2784,2021-01-26,3849.6201171875
2785,2021-01-27,3750.77001953125
2786,2021-01-28,3787.3798828125
2787,2021-01-29,3714.239990234375
2788,2021-02-01,3773.860107421875
2789,2021-02-02,3826.31005859375
2790,2021-02-03,3830.169921875
2791,2021-02-04,3871.739990234375
2792,2021-02-05,3886.830078125
